"Fish_id","Dataset","Predicted_Watershed","Actual_Watershed","Correct_Classified"
"2011_nk_101","RAW","Nush","Nush","Yes"
"2011_nk_109","RAW","Kusko","Nush","No"
"2011_nk_112","RAW","Kusko","Nush","No"
"2011_nk_114","RAW","Nush","Nush","Yes"
"2011_nk_120","RAW","Nush","Nush","Yes"
"2011_nk_122","RAW","Nush","Nush","Yes"
"2011_nk_125","RAW","Kusko","Nush","No"
"2011_nk_15","RAW","Nush","Nush","Yes"
"2011_nk_158","RAW","Nush","Nush","Yes"
"2011_nk_163","RAW","Nush","Nush","Yes"
"2011_nk_167","RAW","Nush","Nush","Yes"
"2011_nk_169","RAW","Nush","Nush","Yes"
"2011_nk_182","RAW","Kusko","Nush","No"
"2011_nk_19","RAW","Nush","Nush","Yes"
"2011_nk_192","RAW","Nush","Nush","Yes"
"2011_nk_193","RAW","Nush","Nush","Yes"
"2011_nk_203","RAW","Nush","Nush","Yes"
"2011_nk_207","RAW","Nush","Nush","Yes"
"2011_nk_211","RAW","Nush","Nush","Yes"
"2011_nk_218","RAW","Nush","Nush","Yes"
"2011_nk_221","RAW","Nush","Nush","Yes"
"2011_nk_226","RAW","Nush","Nush","Yes"
"2011_nk_228","RAW","Kusko","Nush","No"
"2011_nk_230","RAW","Nush","Nush","Yes"
"2011_nk_231","RAW","Nush","Nush","Yes"
"2011_nk_232","RAW","Nush","Nush","Yes"
"2011_nk_233","RAW","Nush","Nush","Yes"
"2011_nk_24","RAW","Nush","Nush","Yes"
"2011_nk_241","RAW","Nush","Nush","Yes"
"2011_nk_248","RAW","Nush","Nush","Yes"
"2011_nk_254","RAW","Nush","Nush","Yes"
"2011_nk_39","RAW","Nush","Nush","Yes"
"2011_nk_51","RAW","Nush","Nush","Yes"
"2011_nk_60","RAW","Kusko","Nush","No"
"2011_nk_613","RAW","Nush","Nush","Yes"
"2011_nk_64","RAW","Nush","Nush","Yes"
"2011_nk_65","RAW","Nush","Nush","Yes"
"2011_nk_66","RAW","Nush","Nush","Yes"
"2011_nk_71","RAW","Nush","Nush","Yes"
"2011_nk_77","RAW","Nush","Nush","Yes"
"2011_nk_80","RAW","Nush","Nush","Yes"
"2011_nk_92","RAW","Kusko","Nush","No"
"2014_nk_1","RAW","Nush","Nush","Yes"
"2014_nk_10_redo","RAW","Nush","Nush","Yes"
"2014_nk_104","RAW","Kusko","Nush","No"
"2014_nk_105","RAW","Nush","Nush","Yes"
"2014_nk_107","RAW","Nush","Nush","Yes"
"2014_nk_117","RAW","Kusko","Nush","No"
"2014_nk_118","RAW","Kusko","Nush","No"
"2014_nk_12","RAW","Nush","Nush","Yes"
"2014_nk_129","RAW","Nush","Nush","Yes"
"2014_nk_132","RAW","Nush","Nush","Yes"
"2014_nk_139","RAW","Kusko","Nush","No"
"2014_nk_145","RAW","Nush","Nush","Yes"
"2014_nk_15","RAW","Nush","Nush","Yes"
"2014_nk_151","RAW","Nush","Nush","Yes"
"2014_nk_154","RAW","Nush","Nush","Yes"
"2014_nk_157","RAW","Nush","Nush","Yes"
"2014_nk_163","RAW","Nush","Nush","Yes"
"2014_nk_164","RAW","Nush","Nush","Yes"
"2014_nk_176","RAW","Nush","Nush","Yes"
"2014_nk_179","RAW","Kusko","Nush","No"
"2014_nk_18_redo","RAW","Nush","Nush","Yes"
"2014_nk_184","RAW","Nush","Nush","Yes"
"2014_nk_186","RAW","Nush","Nush","Yes"
"2014_nk_192","RAW","Nush","Nush","Yes"
"2014_nk_193","RAW","Nush","Nush","Yes"
"2014_nk_200","RAW","Nush","Nush","Yes"
"2014_nk_208","RAW","Nush","Nush","Yes"
"2014_nk_210","RAW","Nush","Nush","Yes"
"2014_nk_215","RAW","Nush","Nush","Yes"
"2014_nk_217","RAW","Nush","Nush","Yes"
"2014_nk_227","RAW","Nush","Nush","Yes"
"2014_nk_231","RAW","Kusko","Nush","No"
"2014_nk_234","RAW","Nush","Nush","Yes"
"2014_nk_239","RAW","Nush","Nush","Yes"
"2014_nk_248","RAW","Nush","Nush","Yes"
"2014_nk_250","RAW","Nush","Nush","Yes"
"2014_nk_251","RAW","Nush","Nush","Yes"
"2014_nk_252","RAW","Nush","Nush","Yes"
"2014_nk_26","RAW","Nush","Nush","Yes"
"2014_nk_262","RAW","Nush","Nush","Yes"
"2014_nk_263","RAW","Kusko","Nush","No"
"2014_nk_270","RAW","Kusko","Nush","No"
"2014_nk_271","RAW","Kusko","Nush","No"
"2014_nk_273","RAW","Nush","Nush","Yes"
"2014_nk_279","RAW","Nush","Nush","Yes"
"2014_nk_37","RAW","Nush","Nush","Yes"
"2014_nk_46B","RAW","Kusko","Nush","No"
"2014_nk_48","RAW","Kusko","Nush","No"
"2014_nk_5","RAW","Nush","Nush","Yes"
"2014_nk_55","RAW","Nush","Nush","Yes"
"2014_nk_56_redo","RAW","Nush","Nush","Yes"
"2014_nk_62","RAW","Nush","Nush","Yes"
"2014_nk_65","RAW","Nush","Nush","Yes"
"2014_nk_71","RAW","Kusko","Nush","No"
"2014_nk_72","RAW","Nush","Nush","Yes"
"2014_nk_73","RAW","Kusko","Nush","No"
"2014_nk_76","RAW","Kusko","Nush","No"
"2014_nk_81","RAW","Kusko","Nush","No"
"2014_nk_90","RAW","Nush","Nush","Yes"
"2014_nk_93","RAW","Nush","Nush","Yes"
"2015_nk_002","RAW","Nush","Nush","Yes"
"2015_nk_004","RAW","Kusko","Nush","No"
"2015_nk_013_2","RAW","Nush","Nush","Yes"
"2015_nk_022","RAW","Nush","Nush","Yes"
"2015_nk_030_redo","RAW","Nush","Nush","Yes"
"2015_nk_036_redo","RAW","Nush","Nush","Yes"
"2015_nk_038","RAW","Nush","Nush","Yes"
"2015_nk_039","RAW","Nush","Nush","Yes"
"2015_nk_042","RAW","Nush","Nush","Yes"
"2015_nk_057","RAW","Kusko","Nush","No"
"2015_nk_058","RAW","Kusko","Nush","No"
"2015_nk_061","RAW","Nush","Nush","Yes"
"2015_nk_065","RAW","Nush","Nush","Yes"
"2015_nk_094","RAW","Nush","Nush","Yes"
"2015_nk_099","RAW","Nush","Nush","Yes"
"2015_nk_101","RAW","Kusko","Nush","No"
"2015_nk_111_redo","RAW","Kusko","Nush","No"
"2015_nk_113","RAW","Nush","Nush","Yes"
"2015_nk_120","RAW","Nush","Nush","Yes"
"2015_nk_122_redoB","RAW","Nush","Nush","Yes"
"2015_nk_123_redo2","RAW","Kusko","Nush","No"
"2015_nk_130_redo","RAW","Nush","Nush","Yes"
"2015_nk_136","RAW","Nush","Nush","Yes"
"2015_nk_139","RAW","Nush","Nush","Yes"
"2015_nk_164","RAW","Nush","Nush","Yes"
"2015_nk_168","RAW","Nush","Nush","Yes"
"2015_nk_183","RAW","Kusko","Nush","No"
"2015_nk_185_redo","RAW","Nush","Nush","Yes"
"2015_nk_188","RAW","Nush","Nush","Yes"
"2015_nk_207","RAW","Nush","Nush","Yes"
"2015_nk_215","RAW","Nush","Nush","Yes"
"2015_nk_220","RAW","Nush","Nush","Yes"
"2015_nk_224_redo","RAW","Nush","Nush","Yes"
"2015_nk_225","RAW","Nush","Nush","Yes"
"2015_nk_233_redo","RAW","Nush","Nush","Yes"
"2015_nk_235","RAW","Nush","Nush","Yes"
"2015_nk_241","RAW","Nush","Nush","Yes"
"2015_nk_242","RAW","Nush","Nush","Yes"
"2015_nk_245","RAW","Nush","Nush","Yes"
"2015_nk_247","RAW","Nush","Nush","Yes"
"2015_nk_257","RAW","Nush","Nush","Yes"
"2015_nk_260_redo","RAW","Nush","Nush","Yes"
"2015_nk_261","RAW","Kusko","Nush","No"
"2015_nk_262","RAW","Nush","Nush","Yes"
"2015_nk_287","RAW","Nush","Nush","Yes"
"2015_nk_296","RAW","Nush","Nush","Yes"
"2015_nk_41_redo","RAW","Nush","Nush","Yes"
"2015_nk_53_redo","RAW","Nush","Nush","Yes"
"2015_nk_54_redo","RAW","Kusko","Nush","No"
"2015_nk_86_redo","RAW","Nush","Nush","Yes"
"2015_nk_89_redo","RAW","Nush","Nush","Yes"
"2015_yk_017","RAW","Yukon","Yukon","Yes"
"2015_yk_034","RAW","Yukon","Yukon","Yes"
"2015_yk_035","RAW","Yukon","Yukon","Yes"
"2015_yk_056a","RAW","Yukon","Yukon","Yes"
"2015_yk_065a","RAW","Yukon","Yukon","Yes"
"2015_yk_068","RAW","Yukon","Yukon","Yes"
"2015_yk_097","RAW","Yukon","Yukon","Yes"
"2015_yk_101","RAW","Yukon","Yukon","Yes"
"2015_yk_109","RAW","Yukon","Yukon","Yes"
"2015_yk_114","RAW","Yukon","Yukon","Yes"
"2015_yk_117","RAW","Yukon","Yukon","Yes"
"2015_yk_128","RAW","Yukon","Yukon","Yes"
"2015_yk_129","RAW","Yukon","Yukon","Yes"
"2015_yk_151","RAW","Yukon","Yukon","Yes"
"2015_yk_214","RAW","Yukon","Yukon","Yes"
"2015_yk_219","RAW","Yukon","Yukon","Yes"
"2015_yk_220","RAW","Yukon","Yukon","Yes"
"2015_yk_243","RAW","Yukon","Yukon","Yes"
"2015_yk_259","RAW","Yukon","Yukon","Yes"
"2015_yk_272","RAW","Yukon","Yukon","Yes"
"2015_yk_314","RAW","Yukon","Yukon","Yes"
"2015_yk_338","RAW","Yukon","Yukon","Yes"
"2015_yk_342","RAW","Yukon","Yukon","Yes"
"2015_yk_357","RAW","Yukon","Yukon","Yes"
"2015_yk_377","RAW","Kusko","Yukon","No"
"2015_yk_397","RAW","Kusko","Yukon","No"
"2015_yk_433","RAW","Yukon","Yukon","Yes"
"2015_yk_438","RAW","Kusko","Yukon","No"
"2015_yk_462","RAW","Kusko","Yukon","No"
"2015_yk_479","RAW","Kusko","Yukon","No"
"2015_yk_521","RAW","Yukon","Yukon","Yes"
"2015_yk_526","RAW","Yukon","Yukon","Yes"
"2015_yk_550","RAW","Yukon","Yukon","Yes"
"2015_yk_576","RAW","Kusko","Yukon","No"
"2015_yk_585","RAW","Kusko","Yukon","No"
"2015_yk_595","RAW","Yukon","Yukon","Yes"
"2015_yk_599","RAW","Kusko","Yukon","No"
"2015_yk_613","RAW","Kusko","Yukon","No"
"2015_yk_615","RAW","Kusko","Yukon","No"
"2016_yk_006","RAW","Yukon","Yukon","Yes"
"2016_yk_007","RAW","Yukon","Yukon","Yes"
"2016_yk_015_redo","RAW","Yukon","Yukon","Yes"
"2016_yk_019","RAW","Yukon","Yukon","Yes"
"2016_yk_020","RAW","Yukon","Yukon","Yes"
"2016_yk_025","RAW","Yukon","Yukon","Yes"
"2016_yk_026","RAW","Yukon","Yukon","Yes"
"2016_yk_033","RAW","Yukon","Yukon","Yes"
"2016_yk_042_redo","RAW","Kusko","Yukon","No"
"2016_yk_044_redo","RAW","Kusko","Yukon","No"
"2016_yk_045","RAW","Yukon","Yukon","Yes"
"2016_yk_047","RAW","Yukon","Yukon","Yes"
"2016_yk_048","RAW","Yukon","Yukon","Yes"
"2016_yk_053_redo","RAW","Yukon","Yukon","Yes"
"2016_yk_057_redo","RAW","Yukon","Yukon","Yes"
"2016_yk_058_redo","RAW","Yukon","Yukon","Yes"
"2016_yk_060_redo","RAW","Yukon","Yukon","Yes"
"2016_yk_068","RAW","Yukon","Yukon","Yes"
"2016_yk_074_redo","RAW","Kusko","Yukon","No"
"2016_yk_077","RAW","Nush","Yukon","No"
"2016_yk_079","RAW","Nush","Yukon","No"
"2016_yk_082_redo","RAW","Yukon","Yukon","Yes"
"2016_yk_093","RAW","Kusko","Yukon","No"
"2016_yk_094","RAW","Yukon","Yukon","Yes"
"2016_yk_095_redo","RAW","Yukon","Yukon","Yes"
"2016_yk_097","RAW","Yukon","Yukon","Yes"
"2016_yk_101","RAW","Yukon","Yukon","Yes"
"2016_yk_104_redo","RAW","Yukon","Yukon","Yes"
"2016_yk_105","RAW","Yukon","Yukon","Yes"
"2016_yk_111","RAW","Yukon","Yukon","Yes"
"2016_yk_116_redo","RAW","Yukon","Yukon","Yes"
"2016_yk_120","RAW","Yukon","Yukon","Yes"
"2016_yk_123","RAW","Yukon","Yukon","Yes"
"2016_yk_124","RAW","Yukon","Yukon","Yes"
"2016_yk_125","RAW","Yukon","Yukon","Yes"
"2016_yk_128","RAW","Yukon","Yukon","Yes"
"2016_yk_129","RAW","Yukon","Yukon","Yes"
"2016_yk_150","RAW","Yukon","Yukon","Yes"
"2016_yk_165","RAW","Yukon","Yukon","Yes"
"2016_yk_169","RAW","Yukon","Yukon","Yes"
"2016_yk_174","RAW","Yukon","Yukon","Yes"
"2016_yk_179","RAW","Yukon","Yukon","Yes"
"2016_yk_183_redo","RAW","Yukon","Yukon","Yes"
"2016_yk_184","RAW","Yukon","Yukon","Yes"
"2016_yk_186","RAW","Yukon","Yukon","Yes"
"2016_yk_190_redo","RAW","Yukon","Yukon","Yes"
"2016_yk_192","RAW","Yukon","Yukon","Yes"
"2016_yk_194","RAW","Kusko","Yukon","No"
"2016_yk_203","RAW","Yukon","Yukon","Yes"
"2016_yk_206_redo","RAW","Yukon","Yukon","Yes"
"2016_yk_215","RAW","Yukon","Yukon","Yes"
"2016_yk_216_redo","RAW","Kusko","Yukon","No"
"2016_yk_218","RAW","Nush","Yukon","No"
"2016_yk_222","RAW","Yukon","Yukon","Yes"
"2016_yk_225","RAW","Kusko","Yukon","No"
"2016_yk_226","RAW","Yukon","Yukon","Yes"
"2016_yk_231_a","RAW","Yukon","Yukon","Yes"
"2016_yk_237","RAW","Yukon","Yukon","Yes"
"2016_yk_239_redo","RAW","Yukon","Yukon","Yes"
"2016_yk_242","RAW","Yukon","Yukon","Yes"
"2016_yk_248","RAW","Yukon","Yukon","Yes"
"2017_kk_003","RAW","Kusko","Kusko","Yes"
"2017_kk_005","RAW","Kusko","Kusko","Yes"
"2017_kk_009","RAW","Kusko","Kusko","Yes"
"2017_kk_014","RAW","Kusko","Kusko","Yes"
"2017_kk_021","RAW","Kusko","Kusko","Yes"
"2017_kk_025","RAW","Kusko","Kusko","Yes"
"2017_kk_030","RAW","Kusko","Kusko","Yes"
"2017_kk_031","RAW","Kusko","Kusko","Yes"
"2017_kk_035","RAW","Kusko","Kusko","Yes"
"2017_kk_039","RAW","Nush","Kusko","No"
"2017_kk_050","RAW","Kusko","Kusko","Yes"
"2017_kk_051","RAW","Kusko","Kusko","Yes"
"2017_kk_070","RAW","Kusko","Kusko","Yes"
"2017_kk_071","RAW","Kusko","Kusko","Yes"
"2017_kk_081","RAW","Kusko","Kusko","Yes"
"2017_kk_091","RAW","Kusko","Kusko","Yes"
"2017_kk_095","RAW","Kusko","Kusko","Yes"
"2017_kk_102redoa","RAW","Kusko","Kusko","Yes"
"2017_kk_107","RAW","Kusko","Kusko","Yes"
"2017_kk_112","RAW","Kusko","Kusko","Yes"
"2017_kk_119","RAW","Kusko","Kusko","Yes"
"2017_kk_143","RAW","Kusko","Kusko","Yes"
"2017_kk_150","RAW","Nush","Kusko","No"
"2017_kk_158","RAW","Kusko","Kusko","Yes"
"2017_kk_163","RAW","Nush","Kusko","No"
"2017_kk_164","RAW","Kusko","Kusko","Yes"
"2017_kk_165redo","RAW","Kusko","Kusko","Yes"
"2017_kk_166redo","RAW","Kusko","Kusko","Yes"
"2017_kk_168redo","RAW","Kusko","Kusko","Yes"
"2017_kk_169redo","RAW","Kusko","Kusko","Yes"
"2017_kk_173","RAW","Kusko","Kusko","Yes"
"2017_kk_176redo","RAW","Kusko","Kusko","Yes"
"2017_kk_196","RAW","Kusko","Kusko","Yes"
"2017_kk_203","RAW","Kusko","Kusko","Yes"
"2017_kk_204","RAW","Kusko","Kusko","Yes"
"2017_kk_213","RAW","Kusko","Kusko","Yes"
"2017_kk_217","RAW","Kusko","Kusko","Yes"
"2017_kk_221","RAW","Kusko","Kusko","Yes"
"2017_kk_234","RAW","Kusko","Kusko","Yes"
"2017_kk_239redo","RAW","Kusko","Kusko","Yes"
"2017_kk_242","RAW","Kusko","Kusko","Yes"
"2017_kk_260redo","RAW","Kusko","Kusko","Yes"
"2017_yk_016","RAW","Yukon","Yukon","Yes"
"2017_yk_018","RAW","Yukon","Yukon","Yes"
"2017_yk_033","RAW","Yukon","Yukon","Yes"
"2017_yk_038","RAW","Yukon","Yukon","Yes"
"2017_yk_039","RAW","Yukon","Yukon","Yes"
"2017_yk_041","RAW","Yukon","Yukon","Yes"
"2017_yk_052","RAW","Yukon","Yukon","Yes"
"2017_yk_053","RAW","Yukon","Yukon","Yes"
"2017_yk_056","RAW","Yukon","Yukon","Yes"
"2017_yk_059","RAW","Yukon","Yukon","Yes"
"2017_yk_061","RAW","Yukon","Yukon","Yes"
"2017_yk_062","RAW","Yukon","Yukon","Yes"
"2017_yk_068","RAW","Yukon","Yukon","Yes"
"2017_yk_079","RAW","Yukon","Yukon","Yes"
"2017_yk_080","RAW","Kusko","Yukon","No"
"2017_yk_081","RAW","Nush","Yukon","No"
"2017_yk_091","RAW","Yukon","Yukon","Yes"
"2017_yk_093","RAW","Yukon","Yukon","Yes"
"2017_yk_098","RAW","Yukon","Yukon","Yes"
"2017_yk_102","RAW","Yukon","Yukon","Yes"
"2017_yk_109","RAW","Kusko","Yukon","No"
"2017_yk_129","RAW","Yukon","Yukon","Yes"
"2017_yk_133","RAW","Yukon","Yukon","Yes"
"2017_yk_140","RAW","Yukon","Yukon","Yes"
"2017_yk_164","RAW","Kusko","Yukon","No"
"2017_yk_167","RAW","Yukon","Yukon","Yes"
"2017_yk_177","RAW","Yukon","Yukon","Yes"
"2017_yk_180","RAW","Yukon","Yukon","Yes"
"2017_yk_185","RAW","Yukon","Yukon","Yes"
"2017_yk_192","RAW","Yukon","Yukon","Yes"
"2017_yk_193","RAW","Yukon","Yukon","Yes"
"2017_yk_215","RAW","Yukon","Yukon","Yes"
"2017_yk_217","RAW","Yukon","Yukon","Yes"
"2017_yk_239","RAW","Yukon","Yukon","Yes"
"2017_yk_252","RAW","Kusko","Yukon","No"
"2017_yk_273","RAW","Yukon","Yukon","Yes"
"2017_yk_303","RAW","Yukon","Yukon","Yes"
"2017_yk_309","RAW","Yukon","Yukon","Yes"
"2017_yk_313","RAW","Yukon","Yukon","Yes"
"2017_yk_318","RAW","Nush","Yukon","No"
"2017_yk_321","RAW","Yukon","Yukon","Yes"
"2017_yk_345","RAW","Kusko","Yukon","No"
"2017_yk_357","RAW","Yukon","Yukon","Yes"
"2017_yk_365","RAW","Kusko","Yukon","No"
"2017_yk_366","RAW","Nush","Yukon","No"
"2019_kk_001","RAW","Yukon","Kusko","No"
"2019_kk_007","RAW","Kusko","Kusko","Yes"
"2019_kk_009","RAW","Kusko","Kusko","Yes"
"2019_kk_011","RAW","Kusko","Kusko","Yes"
"2019_kk_016","RAW","Kusko","Kusko","Yes"
"2019_kk_017","RAW","Kusko","Kusko","Yes"
"2019_kk_023","RAW","Kusko","Kusko","Yes"
"2019_kk_041","RAW","Kusko","Kusko","Yes"
"2019_kk_047","RAW","Kusko","Kusko","Yes"
"2019_kk_051","RAW","Kusko","Kusko","Yes"
"2019_kk_080","RAW","Kusko","Kusko","Yes"
"2019_kk_085","RAW","Nush","Kusko","No"
"2019_kk_088","RAW","Kusko","Kusko","Yes"
"2019_kk_090","RAW","Kusko","Kusko","Yes"
"2019_kk_112","RAW","Kusko","Kusko","Yes"
"2019_kk_113","RAW","Kusko","Kusko","Yes"
"2019_kk_114","RAW","Kusko","Kusko","Yes"
"2019_kk_127","RAW","Kusko","Kusko","Yes"
"2019_kk_129","RAW","Kusko","Kusko","Yes"
"2019_kk_147","RAW","Kusko","Kusko","Yes"
"2019_kk_173","RAW","Kusko","Kusko","Yes"
"2019_kk_183","RAW","Nush","Kusko","No"
"2019_kk_190","RAW","Kusko","Kusko","Yes"
"2019_kk_199","RAW","Kusko","Kusko","Yes"
"2019_kk_212","RAW","Kusko","Kusko","Yes"
"2019_kk_218","RAW","Kusko","Kusko","Yes"
"2019_kk_229","RAW","Kusko","Kusko","Yes"
"2019_kk_255","RAW","Kusko","Kusko","Yes"
"2019_kk_282","RAW","Kusko","Kusko","Yes"
"2019_kk_296","RAW","Kusko","Kusko","Yes"
"2019_kk_309","RAW","Kusko","Kusko","Yes"
"2019_kk_332","RAW","Kusko","Kusko","Yes"
"2019_kk_365","RAW","Kusko","Kusko","Yes"
"2019_kk_367","RAW","Kusko","Kusko","Yes"
"2019_kk_384","RAW","Kusko","Kusko","Yes"
"2019_kk_393","RAW","Kusko","Kusko","Yes"
"2019_kk_398","RAW","Kusko","Kusko","Yes"
"2019_kk_425","RAW","Kusko","Kusko","Yes"
"2019_kk_448","RAW","Kusko","Kusko","Yes"
"2019_kk_454","RAW","Kusko","Kusko","Yes"
"2019_kk_455","RAW","Kusko","Kusko","Yes"
"2019_kk_457","RAW","Nush","Kusko","No"
"2019_kk_464","RAW","Kusko","Kusko","Yes"
"2019_kk_481","RAW","Kusko","Kusko","Yes"
"2019_yk_005","RAW","Yukon","Yukon","Yes"
"2019_yk_007","RAW","Yukon","Yukon","Yes"
"2019_yk_036","RAW","Yukon","Yukon","Yes"
"2019_yk_036a","RAW","Kusko","Yukon","No"
"2019_yk_041","RAW","Kusko","Yukon","No"
"2019_yk_042","RAW","Yukon","Yukon","Yes"
"2019_yk_075","RAW","Yukon","Yukon","Yes"
"2019_yk_085a","RAW","Yukon","Yukon","Yes"
"2019_yk_090","RAW","Yukon","Yukon","Yes"
"2019_yk_092","RAW","Yukon","Yukon","Yes"
"2019_yk_104a","RAW","Yukon","Yukon","Yes"
"2019_yk_116a","RAW","Kusko","Yukon","No"
"2019_yk_123","RAW","Yukon","Yukon","Yes"
"2019_yk_138","RAW","Yukon","Yukon","Yes"
"2019_yk_139a","RAW","Yukon","Yukon","Yes"
"2019_yk_140","RAW","Yukon","Yukon","Yes"
"2019_yk_147","RAW","Yukon","Yukon","Yes"
"2019_yk_149","RAW","Yukon","Yukon","Yes"
"2019_yk_152","RAW","Yukon","Yukon","Yes"
"2019_yk_165","RAW","Yukon","Yukon","Yes"
"2019_yk_168a","RAW","Kusko","Yukon","No"
"2019_yk_186a","RAW","Yukon","Yukon","Yes"
"2019_yk_187","RAW","Kusko","Yukon","No"
"2019_yk_261","RAW","Yukon","Yukon","Yes"
"2019_yk_268","RAW","Yukon","Yukon","Yes"
"2019_yk_279","RAW","Yukon","Yukon","Yes"
"2019_yk_283","RAW","Yukon","Yukon","Yes"
"2019_yk_286","RAW","Yukon","Yukon","Yes"
"2019_yk_288","RAW","Yukon","Yukon","Yes"
"2019_yk_289","RAW","Yukon","Yukon","Yes"
"2019_yk_295_redo","RAW","Yukon","Yukon","Yes"
"2019_yk_303","RAW","Yukon","Yukon","Yes"
"2019_yk_334","RAW","Kusko","Yukon","No"
"2019_yk_358","RAW","Yukon","Yukon","Yes"
"2019_yk_368","RAW","Yukon","Yukon","Yes"
"2019_yk_376","RAW","Kusko","Yukon","No"
"2019_yk_383","RAW","Yukon","Yukon","Yes"
"2019_yk_395","RAW","Yukon","Yukon","Yes"
"2019_yk_408","RAW","Yukon","Yukon","Yes"
"2019_yk_410","RAW","Yukon","Yukon","Yes"
"2019_yk_417","RAW","Yukon","Yukon","Yes"
"2019_yk_428","RAW","Yukon","Yukon","Yes"
"2019_yk_433","RAW","Yukon","Yukon","Yes"
"2019_yk_444","RAW","Yukon","Yukon","Yes"
"2019_yk_448","RAW","Yukon","Yukon","Yes"
"2019_yk_454","RAW","Yukon","Yukon","Yes"
"2019_yk_459","RAW","Kusko","Yukon","No"
"2019_yk_462","RAW","Kusko","Yukon","No"
"2019_yk_491","RAW","Yukon","Yukon","Yes"
"2019_yk_492","RAW","Kusko","Yukon","No"
"2020_kk_010","RAW","Kusko","Kusko","Yes"
"2020_kk_013","RAW","Yukon","Kusko","No"
"2020_kk_017","RAW","Kusko","Kusko","Yes"
"2020_kk_020_redo","RAW","Kusko","Kusko","Yes"
"2020_kk_021_redo","RAW","Kusko","Kusko","Yes"
"2020_kk_024","RAW","Yukon","Kusko","No"
"2020_kk_026","RAW","Kusko","Kusko","Yes"
"2020_kk_030","RAW","Kusko","Kusko","Yes"
"2020_kk_031","RAW","Kusko","Kusko","Yes"
"2020_kk_036","RAW","Kusko","Kusko","Yes"
"2020_kk_044_redo","RAW","Kusko","Kusko","Yes"
"2020_kk_049","RAW","Kusko","Kusko","Yes"
"2020_kk_053_redo","RAW","Kusko","Kusko","Yes"
"2020_kk_063_redo","RAW","Kusko","Kusko","Yes"
"2020_kk_067_redo","RAW","Kusko","Kusko","Yes"
"2020_kk_073","RAW","Kusko","Kusko","Yes"
"2020_kk_075","RAW","Kusko","Kusko","Yes"
"2020_kk_083_redo_a","RAW","Kusko","Kusko","Yes"
"2020_kk_104","RAW","Kusko","Kusko","Yes"
"2020_kk_115_redo","RAW","Kusko","Kusko","Yes"
"2020_kk_120","RAW","Kusko","Kusko","Yes"
"2020_kk_121","RAW","Kusko","Kusko","Yes"
"2020_kk_126","RAW","Kusko","Kusko","Yes"
"2020_kk_143","RAW","Kusko","Kusko","Yes"
"2020_kk_145_redo","RAW","Kusko","Kusko","Yes"
"2020_kk_153","RAW","Kusko","Kusko","Yes"
"2020_kk_156","RAW","Kusko","Kusko","Yes"
"2020_kk_158","RAW","Kusko","Kusko","Yes"
"2020_kk_175_redo","RAW","Kusko","Kusko","Yes"
"2020_kk_186_redo","RAW","Kusko","Kusko","Yes"
"2020_kk_201","RAW","Kusko","Kusko","Yes"
"2020_kk_210","RAW","Kusko","Kusko","Yes"
"2020_kk_241_sld18","RAW","Kusko","Kusko","Yes"
"2020_kk_242_sld18","RAW","Kusko","Kusko","Yes"
"2020_kk_244","RAW","Kusko","Kusko","Yes"
"2020_kk_251_sld20","RAW","Kusko","Kusko","Yes"
"2020_kk_256_redo","RAW","Kusko","Kusko","Yes"
"2020_kk_258","RAW","Kusko","Kusko","Yes"
"2020_kk_261","RAW","Kusko","Kusko","Yes"
"2020_kk_276","RAW","Kusko","Kusko","Yes"
"2020_kk_293","RAW","Kusko","Kusko","Yes"
"2020_kk_299","RAW","Kusko","Kusko","Yes"
"2020_kk_307","RAW","Kusko","Kusko","Yes"
"2020_kk_310","RAW","Kusko","Kusko","Yes"
"2020_kk_311","RAW","Kusko","Kusko","Yes"
"2020_kk_320_redo","RAW","Kusko","Kusko","Yes"
"2020_kk_321","RAW","Kusko","Kusko","Yes"
"2020_kk_323","RAW","Kusko","Kusko","Yes"
"2020_kk_328","RAW","Kusko","Kusko","Yes"
"2020_kk_335","RAW","Kusko","Kusko","Yes"
"2020_kk_336","RAW","Kusko","Kusko","Yes"
"2020_kk_343","RAW","Kusko","Kusko","Yes"
"2020_kk_345","RAW","Kusko","Kusko","Yes"
"2021_kk_011_R2","RAW","Kusko","Kusko","Yes"
"2021_kk_013_R2","RAW","Kusko","Kusko","Yes"
"2021_kk_018_R1","RAW","Kusko","Kusko","Yes"
"2021_kk_043","RAW","Kusko","Kusko","Yes"
"2021_kk_047","RAW","Kusko","Kusko","Yes"
"2021_kk_049_R1","RAW","Kusko","Kusko","Yes"
"2021_kk_054","RAW","Kusko","Kusko","Yes"
"2021_kk_061","RAW","Kusko","Kusko","Yes"
"2021_kk_072","RAW","Kusko","Kusko","Yes"
"2021_kk_077","RAW","Kusko","Kusko","Yes"
"2021_kk_088","RAW","Kusko","Kusko","Yes"
"2021_kk_111","RAW","Kusko","Kusko","Yes"
"2021_kk_114","RAW","Kusko","Kusko","Yes"
"2021_kk_115","RAW","Kusko","Kusko","Yes"
"2021_kk_118","RAW","Kusko","Kusko","Yes"
"2021_kk_142","RAW","Kusko","Kusko","Yes"
"2021_kk_157","RAW","Kusko","Kusko","Yes"
"2021_kk_158","RAW","Kusko","Kusko","Yes"
"2021_kk_161","RAW","Nush","Kusko","No"
"2021_kk_176","RAW","Kusko","Kusko","Yes"
"2021_kk_182","RAW","Nush","Kusko","No"
"2021_kk_183","RAW","Kusko","Kusko","Yes"
"2021_kk_190","RAW","Kusko","Kusko","Yes"
"2021_kk_201","RAW","Kusko","Kusko","Yes"
"2021_kk_229","RAW","Kusko","Kusko","Yes"
"2021_kk_231","RAW","Kusko","Kusko","Yes"
"2021_kk_238_R1","RAW","Kusko","Kusko","Yes"
"2021_kk_245","RAW","Yukon","Kusko","No"
"2021_kk_287","RAW","Kusko","Kusko","Yes"
"2021_kk_290_R1","RAW","Kusko","Kusko","Yes"
"2021_kk_298","RAW","Kusko","Kusko","Yes"
"2021_kk_309","RAW","Kusko","Kusko","Yes"
"2021_kk_324","RAW","Kusko","Kusko","Yes"
"2021_kk_327_R1","RAW","Kusko","Kusko","Yes"
"2021_kk_328","RAW","Kusko","Kusko","Yes"
"2021_kk_343","RAW","Kusko","Kusko","Yes"
"2021_kk_353","RAW","Kusko","Kusko","Yes"
"2021_kk_360","RAW","Kusko","Kusko","Yes"
"2021_kk_371_R1","RAW","Kusko","Kusko","Yes"
"2021_kk_375","RAW","Kusko","Kusko","Yes"
"2021_kk_376","RAW","Kusko","Kusko","Yes"
"2021_yk_003","RAW","Kusko","Yukon","No"
"2021_yk_016","RAW","Yukon","Yukon","Yes"
"2021_yk_018","RAW","Yukon","Yukon","Yes"
"2021_yk_020","RAW","Yukon","Yukon","Yes"
"2021_yk_049","RAW","Yukon","Yukon","Yes"
"2021_yk_051","RAW","Yukon","Yukon","Yes"
"2021_yk_056","RAW","Yukon","Yukon","Yes"
"2021_yk_102","RAW","Yukon","Yukon","Yes"
"2021_yk_104","RAW","Yukon","Yukon","Yes"
"2021_yk_131","RAW","Yukon","Yukon","Yes"
"2021_yk_139","RAW","Kusko","Yukon","No"
"2021_yk_150","RAW","Yukon","Yukon","Yes"
"2021_yk_156","RAW","Yukon","Yukon","Yes"
"2021_yk_200","RAW","Yukon","Yukon","Yes"
"2021_yk_202","RAW","Yukon","Yukon","Yes"
"2021_yk_307","RAW","Yukon","Yukon","Yes"
"2021_yk_312","RAW","Yukon","Yukon","Yes"
"2021_yk_313","RAW","Yukon","Yukon","Yes"
"2021_yk_314","RAW","Yukon","Yukon","Yes"
"2021_yk_316","RAW","Yukon","Yukon","Yes"
"2021_yk_325","RAW","Yukon","Yukon","Yes"
"2021_yk_326","RAW","Yukon","Yukon","Yes"
"2021_yk_351","RAW","Yukon","Yukon","Yes"
"2021_yk_353","RAW","Yukon","Yukon","Yes"
"2021_yk_364","RAW","Yukon","Yukon","Yes"
"2021_yk_368","RAW","Yukon","Yukon","Yes"
"2021_yk_373","RAW","Yukon","Yukon","Yes"
"2021_yk_386","RAW","Yukon","Yukon","Yes"
"2021_yk_400","RAW","Kusko","Yukon","No"
"2021_yk_409","RAW","Yukon","Yukon","Yes"
"2021_yk_414","RAW","Yukon","Yukon","Yes"
"2021_yk_440","RAW","Yukon","Yukon","Yes"
"2021_yk_450","RAW","Yukon","Yukon","Yes"
"2021_yk_469","RAW","Yukon","Yukon","Yes"
"2021_yk_489","RAW","Yukon","Yukon","Yes"
"2021_yk_510","RAW","Yukon","Yukon","Yes"
"2021_yk_518","RAW","Yukon","Yukon","Yes"
"2011_nk_101","MA","Nush","Nush","Yes"
"2011_nk_109","MA","Kusko","Nush","No"
"2011_nk_112","MA","Kusko","Nush","No"
"2011_nk_114","MA","Nush","Nush","Yes"
"2011_nk_120","MA","Nush","Nush","Yes"
"2011_nk_122","MA","Nush","Nush","Yes"
"2011_nk_125","MA","Kusko","Nush","No"
"2011_nk_15","MA","Nush","Nush","Yes"
"2011_nk_158","MA","Nush","Nush","Yes"
"2011_nk_163","MA","Nush","Nush","Yes"
"2011_nk_167","MA","Nush","Nush","Yes"
"2011_nk_169","MA","Nush","Nush","Yes"
"2011_nk_182","MA","Kusko","Nush","No"
"2011_nk_19","MA","Nush","Nush","Yes"
"2011_nk_192","MA","Nush","Nush","Yes"
"2011_nk_193","MA","Nush","Nush","Yes"
"2011_nk_203","MA","Nush","Nush","Yes"
"2011_nk_207","MA","Nush","Nush","Yes"
"2011_nk_211","MA","Nush","Nush","Yes"
"2011_nk_218","MA","Nush","Nush","Yes"
"2011_nk_221","MA","Nush","Nush","Yes"
"2011_nk_226","MA","Nush","Nush","Yes"
"2011_nk_228","MA","Nush","Nush","Yes"
"2011_nk_230","MA","Nush","Nush","Yes"
"2011_nk_231","MA","Nush","Nush","Yes"
"2011_nk_232","MA","Nush","Nush","Yes"
"2011_nk_233","MA","Nush","Nush","Yes"
"2011_nk_24","MA","Nush","Nush","Yes"
"2011_nk_241","MA","Nush","Nush","Yes"
"2011_nk_248","MA","Nush","Nush","Yes"
"2011_nk_254","MA","Nush","Nush","Yes"
"2011_nk_39","MA","Nush","Nush","Yes"
"2011_nk_51","MA","Nush","Nush","Yes"
"2011_nk_60","MA","Nush","Nush","Yes"
"2011_nk_613","MA","Nush","Nush","Yes"
"2011_nk_64","MA","Nush","Nush","Yes"
"2011_nk_65","MA","Nush","Nush","Yes"
"2011_nk_66","MA","Nush","Nush","Yes"
"2011_nk_71","MA","Nush","Nush","Yes"
"2011_nk_77","MA","Nush","Nush","Yes"
"2011_nk_80","MA","Nush","Nush","Yes"
"2011_nk_92","MA","Kusko","Nush","No"
"2014_nk_1","MA","Nush","Nush","Yes"
"2014_nk_10_redo","MA","Nush","Nush","Yes"
"2014_nk_104","MA","Kusko","Nush","No"
"2014_nk_105","MA","Nush","Nush","Yes"
"2014_nk_107","MA","Nush","Nush","Yes"
"2014_nk_117","MA","Nush","Nush","Yes"
"2014_nk_118","MA","Kusko","Nush","No"
"2014_nk_12","MA","Nush","Nush","Yes"
"2014_nk_129","MA","Nush","Nush","Yes"
"2014_nk_132","MA","Nush","Nush","Yes"
"2014_nk_139","MA","Kusko","Nush","No"
"2014_nk_145","MA","Nush","Nush","Yes"
"2014_nk_15","MA","Nush","Nush","Yes"
"2014_nk_151","MA","Nush","Nush","Yes"
"2014_nk_154","MA","Kusko","Nush","No"
"2014_nk_157","MA","Nush","Nush","Yes"
"2014_nk_163","MA","Nush","Nush","Yes"
"2014_nk_164","MA","Nush","Nush","Yes"
"2014_nk_176","MA","Nush","Nush","Yes"
"2014_nk_179","MA","Nush","Nush","Yes"
"2014_nk_18_redo","MA","Nush","Nush","Yes"
"2014_nk_184","MA","Nush","Nush","Yes"
"2014_nk_186","MA","Nush","Nush","Yes"
"2014_nk_192","MA","Nush","Nush","Yes"
"2014_nk_193","MA","Nush","Nush","Yes"
"2014_nk_200","MA","Nush","Nush","Yes"
"2014_nk_208","MA","Nush","Nush","Yes"
"2014_nk_210","MA","Nush","Nush","Yes"
"2014_nk_215","MA","Nush","Nush","Yes"
"2014_nk_217","MA","Nush","Nush","Yes"
"2014_nk_227","MA","Nush","Nush","Yes"
"2014_nk_231","MA","Kusko","Nush","No"
"2014_nk_234","MA","Nush","Nush","Yes"
"2014_nk_239","MA","Nush","Nush","Yes"
"2014_nk_248","MA","Nush","Nush","Yes"
"2014_nk_250","MA","Nush","Nush","Yes"
"2014_nk_251","MA","Nush","Nush","Yes"
"2014_nk_252","MA","Nush","Nush","Yes"
"2014_nk_26","MA","Nush","Nush","Yes"
"2014_nk_262","MA","Nush","Nush","Yes"
"2014_nk_263","MA","Nush","Nush","Yes"
"2014_nk_270","MA","Kusko","Nush","No"
"2014_nk_271","MA","Yukon","Nush","No"
"2014_nk_273","MA","Nush","Nush","Yes"
"2014_nk_279","MA","Nush","Nush","Yes"
"2014_nk_37","MA","Nush","Nush","Yes"
"2014_nk_46B","MA","Kusko","Nush","No"
"2014_nk_48","MA","Kusko","Nush","No"
"2014_nk_5","MA","Nush","Nush","Yes"
"2014_nk_55","MA","Nush","Nush","Yes"
"2014_nk_56_redo","MA","Nush","Nush","Yes"
"2014_nk_62","MA","Nush","Nush","Yes"
"2014_nk_65","MA","Nush","Nush","Yes"
"2014_nk_71","MA","Nush","Nush","Yes"
"2014_nk_72","MA","Nush","Nush","Yes"
"2014_nk_73","MA","Kusko","Nush","No"
"2014_nk_76","MA","Nush","Nush","Yes"
"2014_nk_81","MA","Nush","Nush","Yes"
"2014_nk_90","MA","Nush","Nush","Yes"
"2014_nk_93","MA","Nush","Nush","Yes"
"2015_nk_002","MA","Nush","Nush","Yes"
"2015_nk_004","MA","Nush","Nush","Yes"
"2015_nk_013_2","MA","Nush","Nush","Yes"
"2015_nk_022","MA","Nush","Nush","Yes"
"2015_nk_030_redo","MA","Nush","Nush","Yes"
"2015_nk_036_redo","MA","Nush","Nush","Yes"
"2015_nk_038","MA","Nush","Nush","Yes"
"2015_nk_039","MA","Nush","Nush","Yes"
"2015_nk_042","MA","Nush","Nush","Yes"
"2015_nk_057","MA","Kusko","Nush","No"
"2015_nk_058","MA","Kusko","Nush","No"
"2015_nk_061","MA","Nush","Nush","Yes"
"2015_nk_065","MA","Nush","Nush","Yes"
"2015_nk_094","MA","Nush","Nush","Yes"
"2015_nk_099","MA","Nush","Nush","Yes"
"2015_nk_101","MA","Kusko","Nush","No"
"2015_nk_111_redo","MA","Yukon","Nush","No"
"2015_nk_113","MA","Nush","Nush","Yes"
"2015_nk_120","MA","Nush","Nush","Yes"
"2015_nk_122_redoB","MA","Nush","Nush","Yes"
"2015_nk_123_redo2","MA","Kusko","Nush","No"
"2015_nk_130_redo","MA","Nush","Nush","Yes"
"2015_nk_136","MA","Nush","Nush","Yes"
"2015_nk_139","MA","Nush","Nush","Yes"
"2015_nk_164","MA","Nush","Nush","Yes"
"2015_nk_168","MA","Nush","Nush","Yes"
"2015_nk_183","MA","Kusko","Nush","No"
"2015_nk_185_redo","MA","Nush","Nush","Yes"
"2015_nk_188","MA","Nush","Nush","Yes"
"2015_nk_207","MA","Nush","Nush","Yes"
"2015_nk_215","MA","Nush","Nush","Yes"
"2015_nk_220","MA","Nush","Nush","Yes"
"2015_nk_224_redo","MA","Nush","Nush","Yes"
"2015_nk_225","MA","Nush","Nush","Yes"
"2015_nk_233_redo","MA","Nush","Nush","Yes"
"2015_nk_235","MA","Nush","Nush","Yes"
"2015_nk_241","MA","Kusko","Nush","No"
"2015_nk_242","MA","Nush","Nush","Yes"
"2015_nk_245","MA","Nush","Nush","Yes"
"2015_nk_247","MA","Nush","Nush","Yes"
"2015_nk_257","MA","Nush","Nush","Yes"
"2015_nk_260_redo","MA","Nush","Nush","Yes"
"2015_nk_261","MA","Nush","Nush","Yes"
"2015_nk_262","MA","Nush","Nush","Yes"
"2015_nk_287","MA","Nush","Nush","Yes"
"2015_nk_296","MA","Nush","Nush","Yes"
"2015_nk_41_redo","MA","Nush","Nush","Yes"
"2015_nk_53_redo","MA","Nush","Nush","Yes"
"2015_nk_54_redo","MA","Yukon","Nush","No"
"2015_nk_86_redo","MA","Nush","Nush","Yes"
"2015_nk_89_redo","MA","Nush","Nush","Yes"
"2015_yk_017","MA","Yukon","Yukon","Yes"
"2015_yk_034","MA","Yukon","Yukon","Yes"
"2015_yk_035","MA","Yukon","Yukon","Yes"
"2015_yk_056a","MA","Yukon","Yukon","Yes"
"2015_yk_065a","MA","Yukon","Yukon","Yes"
"2015_yk_068","MA","Yukon","Yukon","Yes"
"2015_yk_097","MA","Yukon","Yukon","Yes"
"2015_yk_101","MA","Yukon","Yukon","Yes"
"2015_yk_109","MA","Yukon","Yukon","Yes"
"2015_yk_114","MA","Yukon","Yukon","Yes"
"2015_yk_117","MA","Yukon","Yukon","Yes"
"2015_yk_128","MA","Yukon","Yukon","Yes"
"2015_yk_129","MA","Yukon","Yukon","Yes"
"2015_yk_151","MA","Yukon","Yukon","Yes"
"2015_yk_214","MA","Yukon","Yukon","Yes"
"2015_yk_219","MA","Yukon","Yukon","Yes"
"2015_yk_220","MA","Yukon","Yukon","Yes"
"2015_yk_243","MA","Yukon","Yukon","Yes"
"2015_yk_259","MA","Yukon","Yukon","Yes"
"2015_yk_272","MA","Yukon","Yukon","Yes"
"2015_yk_314","MA","Yukon","Yukon","Yes"
"2015_yk_338","MA","Yukon","Yukon","Yes"
"2015_yk_342","MA","Yukon","Yukon","Yes"
"2015_yk_357","MA","Yukon","Yukon","Yes"
"2015_yk_377","MA","Yukon","Yukon","Yes"
"2015_yk_397","MA","Kusko","Yukon","No"
"2015_yk_433","MA","Yukon","Yukon","Yes"
"2015_yk_438","MA","Yukon","Yukon","Yes"
"2015_yk_462","MA","Yukon","Yukon","Yes"
"2015_yk_479","MA","Nush","Yukon","No"
"2015_yk_521","MA","Yukon","Yukon","Yes"
"2015_yk_526","MA","Yukon","Yukon","Yes"
"2015_yk_550","MA","Yukon","Yukon","Yes"
"2015_yk_576","MA","Yukon","Yukon","Yes"
"2015_yk_585","MA","Kusko","Yukon","No"
"2015_yk_595","MA","Yukon","Yukon","Yes"
"2015_yk_599","MA","Yukon","Yukon","Yes"
"2015_yk_613","MA","Yukon","Yukon","Yes"
"2015_yk_615","MA","Kusko","Yukon","No"
"2016_yk_006","MA","Yukon","Yukon","Yes"
"2016_yk_007","MA","Yukon","Yukon","Yes"
"2016_yk_015_redo","MA","Yukon","Yukon","Yes"
"2016_yk_019","MA","Yukon","Yukon","Yes"
"2016_yk_020","MA","Yukon","Yukon","Yes"
"2016_yk_025","MA","Yukon","Yukon","Yes"
"2016_yk_026","MA","Yukon","Yukon","Yes"
"2016_yk_033","MA","Yukon","Yukon","Yes"
"2016_yk_042_redo","MA","Kusko","Yukon","No"
"2016_yk_044_redo","MA","Kusko","Yukon","No"
"2016_yk_045","MA","Yukon","Yukon","Yes"
"2016_yk_047","MA","Kusko","Yukon","No"
"2016_yk_048","MA","Yukon","Yukon","Yes"
"2016_yk_053_redo","MA","Yukon","Yukon","Yes"
"2016_yk_057_redo","MA","Yukon","Yukon","Yes"
"2016_yk_058_redo","MA","Yukon","Yukon","Yes"
"2016_yk_060_redo","MA","Yukon","Yukon","Yes"
"2016_yk_068","MA","Yukon","Yukon","Yes"
"2016_yk_074_redo","MA","Yukon","Yukon","Yes"
"2016_yk_077","MA","Nush","Yukon","No"
"2016_yk_079","MA","Nush","Yukon","No"
"2016_yk_082_redo","MA","Yukon","Yukon","Yes"
"2016_yk_093","MA","Yukon","Yukon","Yes"
"2016_yk_094","MA","Yukon","Yukon","Yes"
"2016_yk_095_redo","MA","Yukon","Yukon","Yes"
"2016_yk_097","MA","Yukon","Yukon","Yes"
"2016_yk_101","MA","Yukon","Yukon","Yes"
"2016_yk_104_redo","MA","Yukon","Yukon","Yes"
"2016_yk_105","MA","Yukon","Yukon","Yes"
"2016_yk_111","MA","Yukon","Yukon","Yes"
"2016_yk_116_redo","MA","Yukon","Yukon","Yes"
"2016_yk_120","MA","Yukon","Yukon","Yes"
"2016_yk_123","MA","Yukon","Yukon","Yes"
"2016_yk_124","MA","Yukon","Yukon","Yes"
"2016_yk_125","MA","Yukon","Yukon","Yes"
"2016_yk_128","MA","Yukon","Yukon","Yes"
"2016_yk_129","MA","Yukon","Yukon","Yes"
"2016_yk_150","MA","Yukon","Yukon","Yes"
"2016_yk_165","MA","Yukon","Yukon","Yes"
"2016_yk_169","MA","Yukon","Yukon","Yes"
"2016_yk_174","MA","Yukon","Yukon","Yes"
"2016_yk_179","MA","Yukon","Yukon","Yes"
"2016_yk_183_redo","MA","Yukon","Yukon","Yes"
"2016_yk_184","MA","Yukon","Yukon","Yes"
"2016_yk_186","MA","Yukon","Yukon","Yes"
"2016_yk_190_redo","MA","Yukon","Yukon","Yes"
"2016_yk_192","MA","Yukon","Yukon","Yes"
"2016_yk_194","MA","Yukon","Yukon","Yes"
"2016_yk_203","MA","Yukon","Yukon","Yes"
"2016_yk_206_redo","MA","Yukon","Yukon","Yes"
"2016_yk_215","MA","Yukon","Yukon","Yes"
"2016_yk_216_redo","MA","Kusko","Yukon","No"
"2016_yk_218","MA","Nush","Yukon","No"
"2016_yk_222","MA","Yukon","Yukon","Yes"
"2016_yk_225","MA","Yukon","Yukon","Yes"
"2016_yk_226","MA","Yukon","Yukon","Yes"
"2016_yk_231_a","MA","Yukon","Yukon","Yes"
"2016_yk_237","MA","Yukon","Yukon","Yes"
"2016_yk_239_redo","MA","Yukon","Yukon","Yes"
"2016_yk_242","MA","Yukon","Yukon","Yes"
"2016_yk_248","MA","Yukon","Yukon","Yes"
"2017_kk_003","MA","Kusko","Kusko","Yes"
"2017_kk_005","MA","Kusko","Kusko","Yes"
"2017_kk_009","MA","Kusko","Kusko","Yes"
"2017_kk_014","MA","Kusko","Kusko","Yes"
"2017_kk_021","MA","Kusko","Kusko","Yes"
"2017_kk_025","MA","Kusko","Kusko","Yes"
"2017_kk_030","MA","Kusko","Kusko","Yes"
"2017_kk_031","MA","Kusko","Kusko","Yes"
"2017_kk_035","MA","Kusko","Kusko","Yes"
"2017_kk_039","MA","Kusko","Kusko","Yes"
"2017_kk_050","MA","Yukon","Kusko","No"
"2017_kk_051","MA","Kusko","Kusko","Yes"
"2017_kk_070","MA","Kusko","Kusko","Yes"
"2017_kk_071","MA","Kusko","Kusko","Yes"
"2017_kk_081","MA","Kusko","Kusko","Yes"
"2017_kk_091","MA","Kusko","Kusko","Yes"
"2017_kk_095","MA","Kusko","Kusko","Yes"
"2017_kk_102redoa","MA","Kusko","Kusko","Yes"
"2017_kk_107","MA","Kusko","Kusko","Yes"
"2017_kk_112","MA","Kusko","Kusko","Yes"
"2017_kk_119","MA","Yukon","Kusko","No"
"2017_kk_143","MA","Yukon","Kusko","No"
"2017_kk_150","MA","Nush","Kusko","No"
"2017_kk_158","MA","Kusko","Kusko","Yes"
"2017_kk_163","MA","Kusko","Kusko","Yes"
"2017_kk_164","MA","Kusko","Kusko","Yes"
"2017_kk_165redo","MA","Kusko","Kusko","Yes"
"2017_kk_166redo","MA","Kusko","Kusko","Yes"
"2017_kk_168redo","MA","Kusko","Kusko","Yes"
"2017_kk_169redo","MA","Kusko","Kusko","Yes"
"2017_kk_173","MA","Kusko","Kusko","Yes"
"2017_kk_176redo","MA","Kusko","Kusko","Yes"
"2017_kk_196","MA","Kusko","Kusko","Yes"
"2017_kk_203","MA","Kusko","Kusko","Yes"
"2017_kk_204","MA","Kusko","Kusko","Yes"
"2017_kk_213","MA","Kusko","Kusko","Yes"
"2017_kk_217","MA","Yukon","Kusko","No"
"2017_kk_221","MA","Kusko","Kusko","Yes"
"2017_kk_234","MA","Yukon","Kusko","No"
"2017_kk_239redo","MA","Kusko","Kusko","Yes"
"2017_kk_242","MA","Kusko","Kusko","Yes"
"2017_kk_260redo","MA","Kusko","Kusko","Yes"
"2017_yk_016","MA","Yukon","Yukon","Yes"
"2017_yk_018","MA","Yukon","Yukon","Yes"
"2017_yk_033","MA","Yukon","Yukon","Yes"
"2017_yk_038","MA","Yukon","Yukon","Yes"
"2017_yk_039","MA","Yukon","Yukon","Yes"
"2017_yk_041","MA","Yukon","Yukon","Yes"
"2017_yk_052","MA","Yukon","Yukon","Yes"
"2017_yk_053","MA","Yukon","Yukon","Yes"
"2017_yk_056","MA","Yukon","Yukon","Yes"
"2017_yk_059","MA","Yukon","Yukon","Yes"
"2017_yk_061","MA","Yukon","Yukon","Yes"
"2017_yk_062","MA","Yukon","Yukon","Yes"
"2017_yk_068","MA","Yukon","Yukon","Yes"
"2017_yk_079","MA","Yukon","Yukon","Yes"
"2017_yk_080","MA","Kusko","Yukon","No"
"2017_yk_081","MA","Yukon","Yukon","Yes"
"2017_yk_091","MA","Yukon","Yukon","Yes"
"2017_yk_093","MA","Yukon","Yukon","Yes"
"2017_yk_098","MA","Yukon","Yukon","Yes"
"2017_yk_102","MA","Yukon","Yukon","Yes"
"2017_yk_109","MA","Yukon","Yukon","Yes"
"2017_yk_129","MA","Yukon","Yukon","Yes"
"2017_yk_133","MA","Yukon","Yukon","Yes"
"2017_yk_140","MA","Yukon","Yukon","Yes"
"2017_yk_164","MA","Yukon","Yukon","Yes"
"2017_yk_167","MA","Yukon","Yukon","Yes"
"2017_yk_177","MA","Yukon","Yukon","Yes"
"2017_yk_180","MA","Yukon","Yukon","Yes"
"2017_yk_185","MA","Yukon","Yukon","Yes"
"2017_yk_192","MA","Yukon","Yukon","Yes"
"2017_yk_193","MA","Yukon","Yukon","Yes"
"2017_yk_215","MA","Yukon","Yukon","Yes"
"2017_yk_217","MA","Yukon","Yukon","Yes"
"2017_yk_239","MA","Yukon","Yukon","Yes"
"2017_yk_252","MA","Kusko","Yukon","No"
"2017_yk_273","MA","Yukon","Yukon","Yes"
"2017_yk_303","MA","Yukon","Yukon","Yes"
"2017_yk_309","MA","Yukon","Yukon","Yes"
"2017_yk_313","MA","Yukon","Yukon","Yes"
"2017_yk_318","MA","Nush","Yukon","No"
"2017_yk_321","MA","Yukon","Yukon","Yes"
"2017_yk_345","MA","Kusko","Yukon","No"
"2017_yk_357","MA","Yukon","Yukon","Yes"
"2017_yk_365","MA","Yukon","Yukon","Yes"
"2017_yk_366","MA","Nush","Yukon","No"
"2019_kk_001","MA","Kusko","Kusko","Yes"
"2019_kk_007","MA","Kusko","Kusko","Yes"
"2019_kk_009","MA","Kusko","Kusko","Yes"
"2019_kk_011","MA","Kusko","Kusko","Yes"
"2019_kk_016","MA","Kusko","Kusko","Yes"
"2019_kk_017","MA","Kusko","Kusko","Yes"
"2019_kk_023","MA","Yukon","Kusko","No"
"2019_kk_041","MA","Nush","Kusko","No"
"2019_kk_047","MA","Yukon","Kusko","No"
"2019_kk_051","MA","Yukon","Kusko","No"
"2019_kk_080","MA","Kusko","Kusko","Yes"
"2019_kk_085","MA","Nush","Kusko","No"
"2019_kk_088","MA","Kusko","Kusko","Yes"
"2019_kk_090","MA","Nush","Kusko","No"
"2019_kk_112","MA","Kusko","Kusko","Yes"
"2019_kk_113","MA","Kusko","Kusko","Yes"
"2019_kk_114","MA","Kusko","Kusko","Yes"
"2019_kk_127","MA","Kusko","Kusko","Yes"
"2019_kk_129","MA","Kusko","Kusko","Yes"
"2019_kk_147","MA","Kusko","Kusko","Yes"
"2019_kk_173","MA","Kusko","Kusko","Yes"
"2019_kk_183","MA","Nush","Kusko","No"
"2019_kk_190","MA","Kusko","Kusko","Yes"
"2019_kk_199","MA","Kusko","Kusko","Yes"
"2019_kk_212","MA","Kusko","Kusko","Yes"
"2019_kk_218","MA","Kusko","Kusko","Yes"
"2019_kk_229","MA","Yukon","Kusko","No"
"2019_kk_255","MA","Kusko","Kusko","Yes"
"2019_kk_282","MA","Kusko","Kusko","Yes"
"2019_kk_296","MA","Kusko","Kusko","Yes"
"2019_kk_309","MA","Kusko","Kusko","Yes"
"2019_kk_332","MA","Kusko","Kusko","Yes"
"2019_kk_365","MA","Kusko","Kusko","Yes"
"2019_kk_367","MA","Kusko","Kusko","Yes"
"2019_kk_384","MA","Kusko","Kusko","Yes"
"2019_kk_393","MA","Kusko","Kusko","Yes"
"2019_kk_398","MA","Kusko","Kusko","Yes"
"2019_kk_425","MA","Kusko","Kusko","Yes"
"2019_kk_448","MA","Kusko","Kusko","Yes"
"2019_kk_454","MA","Kusko","Kusko","Yes"
"2019_kk_455","MA","Nush","Kusko","No"
"2019_kk_457","MA","Nush","Kusko","No"
"2019_kk_464","MA","Kusko","Kusko","Yes"
"2019_kk_481","MA","Kusko","Kusko","Yes"
"2019_yk_005","MA","Yukon","Yukon","Yes"
"2019_yk_007","MA","Yukon","Yukon","Yes"
"2019_yk_036","MA","Yukon","Yukon","Yes"
"2019_yk_036a","MA","Yukon","Yukon","Yes"
"2019_yk_041","MA","Nush","Yukon","No"
"2019_yk_042","MA","Yukon","Yukon","Yes"
"2019_yk_075","MA","Yukon","Yukon","Yes"
"2019_yk_085a","MA","Yukon","Yukon","Yes"
"2019_yk_090","MA","Yukon","Yukon","Yes"
"2019_yk_092","MA","Yukon","Yukon","Yes"
"2019_yk_104a","MA","Yukon","Yukon","Yes"
"2019_yk_116a","MA","Yukon","Yukon","Yes"
"2019_yk_123","MA","Yukon","Yukon","Yes"
"2019_yk_138","MA","Yukon","Yukon","Yes"
"2019_yk_139a","MA","Yukon","Yukon","Yes"
"2019_yk_140","MA","Yukon","Yukon","Yes"
"2019_yk_147","MA","Yukon","Yukon","Yes"
"2019_yk_149","MA","Yukon","Yukon","Yes"
"2019_yk_152","MA","Yukon","Yukon","Yes"
"2019_yk_165","MA","Yukon","Yukon","Yes"
"2019_yk_168a","MA","Yukon","Yukon","Yes"
"2019_yk_186a","MA","Yukon","Yukon","Yes"
"2019_yk_187","MA","Kusko","Yukon","No"
"2019_yk_261","MA","Yukon","Yukon","Yes"
"2019_yk_268","MA","Yukon","Yukon","Yes"
"2019_yk_279","MA","Yukon","Yukon","Yes"
"2019_yk_283","MA","Yukon","Yukon","Yes"
"2019_yk_286","MA","Yukon","Yukon","Yes"
"2019_yk_288","MA","Yukon","Yukon","Yes"
"2019_yk_289","MA","Yukon","Yukon","Yes"
"2019_yk_295_redo","MA","Yukon","Yukon","Yes"
"2019_yk_303","MA","Yukon","Yukon","Yes"
"2019_yk_334","MA","Kusko","Yukon","No"
"2019_yk_358","MA","Yukon","Yukon","Yes"
"2019_yk_368","MA","Yukon","Yukon","Yes"
"2019_yk_376","MA","Kusko","Yukon","No"
"2019_yk_383","MA","Yukon","Yukon","Yes"
"2019_yk_395","MA","Yukon","Yukon","Yes"
"2019_yk_408","MA","Yukon","Yukon","Yes"
"2019_yk_410","MA","Yukon","Yukon","Yes"
"2019_yk_417","MA","Yukon","Yukon","Yes"
"2019_yk_428","MA","Yukon","Yukon","Yes"
"2019_yk_433","MA","Yukon","Yukon","Yes"
"2019_yk_444","MA","Yukon","Yukon","Yes"
"2019_yk_448","MA","Yukon","Yukon","Yes"
"2019_yk_454","MA","Yukon","Yukon","Yes"
"2019_yk_459","MA","Kusko","Yukon","No"
"2019_yk_462","MA","Kusko","Yukon","No"
"2019_yk_491","MA","Yukon","Yukon","Yes"
"2019_yk_492","MA","Kusko","Yukon","No"
"2020_kk_010","MA","Kusko","Kusko","Yes"
"2020_kk_013","MA","Yukon","Kusko","No"
"2020_kk_017","MA","Nush","Kusko","No"
"2020_kk_020_redo","MA","Kusko","Kusko","Yes"
"2020_kk_021_redo","MA","Kusko","Kusko","Yes"
"2020_kk_024","MA","Yukon","Kusko","No"
"2020_kk_026","MA","Kusko","Kusko","Yes"
"2020_kk_030","MA","Kusko","Kusko","Yes"
"2020_kk_031","MA","Kusko","Kusko","Yes"
"2020_kk_036","MA","Kusko","Kusko","Yes"
"2020_kk_044_redo","MA","Kusko","Kusko","Yes"
"2020_kk_049","MA","Kusko","Kusko","Yes"
"2020_kk_053_redo","MA","Kusko","Kusko","Yes"
"2020_kk_063_redo","MA","Kusko","Kusko","Yes"
"2020_kk_067_redo","MA","Kusko","Kusko","Yes"
"2020_kk_073","MA","Kusko","Kusko","Yes"
"2020_kk_075","MA","Kusko","Kusko","Yes"
"2020_kk_083_redo_a","MA","Kusko","Kusko","Yes"
"2020_kk_104","MA","Yukon","Kusko","No"
"2020_kk_115_redo","MA","Kusko","Kusko","Yes"
"2020_kk_120","MA","Kusko","Kusko","Yes"
"2020_kk_121","MA","Kusko","Kusko","Yes"
"2020_kk_126","MA","Kusko","Kusko","Yes"
"2020_kk_143","MA","Kusko","Kusko","Yes"
"2020_kk_145_redo","MA","Kusko","Kusko","Yes"
"2020_kk_153","MA","Kusko","Kusko","Yes"
"2020_kk_156","MA","Kusko","Kusko","Yes"
"2020_kk_158","MA","Kusko","Kusko","Yes"
"2020_kk_175_redo","MA","Nush","Kusko","No"
"2020_kk_186_redo","MA","Kusko","Kusko","Yes"
"2020_kk_201","MA","Yukon","Kusko","No"
"2020_kk_210","MA","Nush","Kusko","No"
"2020_kk_241_sld18","MA","Kusko","Kusko","Yes"
"2020_kk_242_sld18","MA","Kusko","Kusko","Yes"
"2020_kk_244","MA","Kusko","Kusko","Yes"
"2020_kk_251_sld20","MA","Kusko","Kusko","Yes"
"2020_kk_256_redo","MA","Kusko","Kusko","Yes"
"2020_kk_258","MA","Kusko","Kusko","Yes"
"2020_kk_261","MA","Kusko","Kusko","Yes"
"2020_kk_276","MA","Kusko","Kusko","Yes"
"2020_kk_293","MA","Kusko","Kusko","Yes"
"2020_kk_299","MA","Kusko","Kusko","Yes"
"2020_kk_307","MA","Nush","Kusko","No"
"2020_kk_310","MA","Kusko","Kusko","Yes"
"2020_kk_311","MA","Kusko","Kusko","Yes"
"2020_kk_320_redo","MA","Kusko","Kusko","Yes"
"2020_kk_321","MA","Kusko","Kusko","Yes"
"2020_kk_323","MA","Kusko","Kusko","Yes"
"2020_kk_328","MA","Kusko","Kusko","Yes"
"2020_kk_335","MA","Kusko","Kusko","Yes"
"2020_kk_336","MA","Kusko","Kusko","Yes"
"2020_kk_343","MA","Kusko","Kusko","Yes"
"2020_kk_345","MA","Kusko","Kusko","Yes"
"2021_kk_011_R2","MA","Kusko","Kusko","Yes"
"2021_kk_013_R2","MA","Kusko","Kusko","Yes"
"2021_kk_018_R1","MA","Kusko","Kusko","Yes"
"2021_kk_043","MA","Kusko","Kusko","Yes"
"2021_kk_047","MA","Kusko","Kusko","Yes"
"2021_kk_049_R1","MA","Kusko","Kusko","Yes"
"2021_kk_054","MA","Kusko","Kusko","Yes"
"2021_kk_061","MA","Kusko","Kusko","Yes"
"2021_kk_072","MA","Kusko","Kusko","Yes"
"2021_kk_077","MA","Yukon","Kusko","No"
"2021_kk_088","MA","Kusko","Kusko","Yes"
"2021_kk_111","MA","Kusko","Kusko","Yes"
"2021_kk_114","MA","Kusko","Kusko","Yes"
"2021_kk_115","MA","Kusko","Kusko","Yes"
"2021_kk_118","MA","Yukon","Kusko","No"
"2021_kk_142","MA","Nush","Kusko","No"
"2021_kk_157","MA","Kusko","Kusko","Yes"
"2021_kk_158","MA","Nush","Kusko","No"
"2021_kk_161","MA","Nush","Kusko","No"
"2021_kk_176","MA","Kusko","Kusko","Yes"
"2021_kk_182","MA","Nush","Kusko","No"
"2021_kk_183","MA","Kusko","Kusko","Yes"
"2021_kk_190","MA","Kusko","Kusko","Yes"
"2021_kk_201","MA","Kusko","Kusko","Yes"
"2021_kk_229","MA","Kusko","Kusko","Yes"
"2021_kk_231","MA","Kusko","Kusko","Yes"
"2021_kk_238_R1","MA","Kusko","Kusko","Yes"
"2021_kk_245","MA","Yukon","Kusko","No"
"2021_kk_287","MA","Kusko","Kusko","Yes"
"2021_kk_290_R1","MA","Kusko","Kusko","Yes"
"2021_kk_298","MA","Kusko","Kusko","Yes"
"2021_kk_309","MA","Kusko","Kusko","Yes"
"2021_kk_324","MA","Kusko","Kusko","Yes"
"2021_kk_327_R1","MA","Kusko","Kusko","Yes"
"2021_kk_328","MA","Kusko","Kusko","Yes"
"2021_kk_343","MA","Kusko","Kusko","Yes"
"2021_kk_353","MA","Kusko","Kusko","Yes"
"2021_kk_360","MA","Kusko","Kusko","Yes"
"2021_kk_371_R1","MA","Kusko","Kusko","Yes"
"2021_kk_375","MA","Kusko","Kusko","Yes"
"2021_kk_376","MA","Kusko","Kusko","Yes"
"2021_yk_003","MA","Kusko","Yukon","No"
"2021_yk_016","MA","Yukon","Yukon","Yes"
"2021_yk_018","MA","Yukon","Yukon","Yes"
"2021_yk_020","MA","Yukon","Yukon","Yes"
"2021_yk_049","MA","Yukon","Yukon","Yes"
"2021_yk_051","MA","Yukon","Yukon","Yes"
"2021_yk_056","MA","Yukon","Yukon","Yes"
"2021_yk_102","MA","Yukon","Yukon","Yes"
"2021_yk_104","MA","Yukon","Yukon","Yes"
"2021_yk_131","MA","Yukon","Yukon","Yes"
"2021_yk_139","MA","Kusko","Yukon","No"
"2021_yk_150","MA","Yukon","Yukon","Yes"
"2021_yk_156","MA","Yukon","Yukon","Yes"
"2021_yk_200","MA","Yukon","Yukon","Yes"
"2021_yk_202","MA","Yukon","Yukon","Yes"
"2021_yk_307","MA","Yukon","Yukon","Yes"
"2021_yk_312","MA","Yukon","Yukon","Yes"
"2021_yk_313","MA","Yukon","Yukon","Yes"
"2021_yk_314","MA","Yukon","Yukon","Yes"
"2021_yk_316","MA","Yukon","Yukon","Yes"
"2021_yk_325","MA","Yukon","Yukon","Yes"
"2021_yk_326","MA","Yukon","Yukon","Yes"
"2021_yk_351","MA","Yukon","Yukon","Yes"
"2021_yk_353","MA","Yukon","Yukon","Yes"
"2021_yk_364","MA","Kusko","Yukon","No"
"2021_yk_368","MA","Yukon","Yukon","Yes"
"2021_yk_373","MA","Yukon","Yukon","Yes"
"2021_yk_386","MA","Yukon","Yukon","Yes"
"2021_yk_400","MA","Yukon","Yukon","Yes"
"2021_yk_409","MA","Yukon","Yukon","Yes"
"2021_yk_414","MA","Yukon","Yukon","Yes"
"2021_yk_440","MA","Yukon","Yukon","Yes"
"2021_yk_450","MA","Yukon","Yukon","Yes"
"2021_yk_469","MA","Yukon","Yukon","Yes"
"2021_yk_489","MA","Yukon","Yukon","Yes"
"2021_yk_510","MA","Yukon","Yukon","Yes"
"2021_yk_518","MA","Yukon","Yukon","Yes"
"2011_nk_101","GAM","Nush","Nush","Yes"
"2011_nk_109","GAM","Kusko","Nush","No"
"2011_nk_112","GAM","Kusko","Nush","No"
"2011_nk_114","GAM","Nush","Nush","Yes"
"2011_nk_120","GAM","Nush","Nush","Yes"
"2011_nk_122","GAM","Nush","Nush","Yes"
"2011_nk_125","GAM","Kusko","Nush","No"
"2011_nk_15","GAM","Nush","Nush","Yes"
"2011_nk_158","GAM","Nush","Nush","Yes"
"2011_nk_163","GAM","Nush","Nush","Yes"
"2011_nk_167","GAM","Nush","Nush","Yes"
"2011_nk_169","GAM","Nush","Nush","Yes"
"2011_nk_182","GAM","Kusko","Nush","No"
"2011_nk_19","GAM","Nush","Nush","Yes"
"2011_nk_192","GAM","Nush","Nush","Yes"
"2011_nk_193","GAM","Nush","Nush","Yes"
"2011_nk_203","GAM","Nush","Nush","Yes"
"2011_nk_207","GAM","Nush","Nush","Yes"
"2011_nk_211","GAM","Nush","Nush","Yes"
"2011_nk_218","GAM","Nush","Nush","Yes"
"2011_nk_221","GAM","Nush","Nush","Yes"
"2011_nk_226","GAM","Nush","Nush","Yes"
"2011_nk_228","GAM","Nush","Nush","Yes"
"2011_nk_230","GAM","Nush","Nush","Yes"
"2011_nk_231","GAM","Nush","Nush","Yes"
"2011_nk_232","GAM","Nush","Nush","Yes"
"2011_nk_233","GAM","Nush","Nush","Yes"
"2011_nk_24","GAM","Nush","Nush","Yes"
"2011_nk_241","GAM","Nush","Nush","Yes"
"2011_nk_248","GAM","Nush","Nush","Yes"
"2011_nk_254","GAM","Nush","Nush","Yes"
"2011_nk_39","GAM","Nush","Nush","Yes"
"2011_nk_51","GAM","Nush","Nush","Yes"
"2011_nk_60","GAM","Nush","Nush","Yes"
"2011_nk_613","GAM","Nush","Nush","Yes"
"2011_nk_64","GAM","Nush","Nush","Yes"
"2011_nk_65","GAM","Nush","Nush","Yes"
"2011_nk_66","GAM","Nush","Nush","Yes"
"2011_nk_71","GAM","Nush","Nush","Yes"
"2011_nk_77","GAM","Nush","Nush","Yes"
"2011_nk_80","GAM","Nush","Nush","Yes"
"2011_nk_92","GAM","Kusko","Nush","No"
"2014_nk_1","GAM","Nush","Nush","Yes"
"2014_nk_10_redo","GAM","Nush","Nush","Yes"
"2014_nk_104","GAM","Kusko","Nush","No"
"2014_nk_105","GAM","Nush","Nush","Yes"
"2014_nk_107","GAM","Nush","Nush","Yes"
"2014_nk_117","GAM","Kusko","Nush","No"
"2014_nk_118","GAM","Kusko","Nush","No"
"2014_nk_12","GAM","Nush","Nush","Yes"
"2014_nk_129","GAM","Nush","Nush","Yes"
"2014_nk_132","GAM","Nush","Nush","Yes"
"2014_nk_139","GAM","Kusko","Nush","No"
"2014_nk_145","GAM","Nush","Nush","Yes"
"2014_nk_15","GAM","Nush","Nush","Yes"
"2014_nk_151","GAM","Nush","Nush","Yes"
"2014_nk_154","GAM","Nush","Nush","Yes"
"2014_nk_157","GAM","Nush","Nush","Yes"
"2014_nk_163","GAM","Nush","Nush","Yes"
"2014_nk_164","GAM","Nush","Nush","Yes"
"2014_nk_176","GAM","Nush","Nush","Yes"
"2014_nk_179","GAM","Nush","Nush","Yes"
"2014_nk_18_redo","GAM","Nush","Nush","Yes"
"2014_nk_184","GAM","Nush","Nush","Yes"
"2014_nk_186","GAM","Nush","Nush","Yes"
"2014_nk_192","GAM","Nush","Nush","Yes"
"2014_nk_193","GAM","Nush","Nush","Yes"
"2014_nk_200","GAM","Nush","Nush","Yes"
"2014_nk_208","GAM","Nush","Nush","Yes"
"2014_nk_210","GAM","Nush","Nush","Yes"
"2014_nk_215","GAM","Nush","Nush","Yes"
"2014_nk_217","GAM","Nush","Nush","Yes"
"2014_nk_227","GAM","Nush","Nush","Yes"
"2014_nk_231","GAM","Kusko","Nush","No"
"2014_nk_234","GAM","Nush","Nush","Yes"
"2014_nk_239","GAM","Nush","Nush","Yes"
"2014_nk_248","GAM","Nush","Nush","Yes"
"2014_nk_250","GAM","Nush","Nush","Yes"
"2014_nk_251","GAM","Nush","Nush","Yes"
"2014_nk_252","GAM","Nush","Nush","Yes"
"2014_nk_26","GAM","Nush","Nush","Yes"
"2014_nk_262","GAM","Nush","Nush","Yes"
"2014_nk_263","GAM","Kusko","Nush","No"
"2014_nk_270","GAM","Kusko","Nush","No"
"2014_nk_271","GAM","Kusko","Nush","No"
"2014_nk_273","GAM","Nush","Nush","Yes"
"2014_nk_279","GAM","Nush","Nush","Yes"
"2014_nk_37","GAM","Nush","Nush","Yes"
"2014_nk_46B","GAM","Kusko","Nush","No"
"2014_nk_48","GAM","Kusko","Nush","No"
"2014_nk_5","GAM","Nush","Nush","Yes"
"2014_nk_55","GAM","Nush","Nush","Yes"
"2014_nk_56_redo","GAM","Nush","Nush","Yes"
"2014_nk_62","GAM","Nush","Nush","Yes"
"2014_nk_65","GAM","Nush","Nush","Yes"
"2014_nk_71","GAM","Kusko","Nush","No"
"2014_nk_72","GAM","Nush","Nush","Yes"
"2014_nk_73","GAM","Kusko","Nush","No"
"2014_nk_76","GAM","Nush","Nush","Yes"
"2014_nk_81","GAM","Nush","Nush","Yes"
"2014_nk_90","GAM","Nush","Nush","Yes"
"2014_nk_93","GAM","Nush","Nush","Yes"
"2015_nk_002","GAM","Nush","Nush","Yes"
"2015_nk_004","GAM","Nush","Nush","Yes"
"2015_nk_013_2","GAM","Nush","Nush","Yes"
"2015_nk_022","GAM","Nush","Nush","Yes"
"2015_nk_030_redo","GAM","Nush","Nush","Yes"
"2015_nk_036_redo","GAM","Nush","Nush","Yes"
"2015_nk_038","GAM","Nush","Nush","Yes"
"2015_nk_039","GAM","Nush","Nush","Yes"
"2015_nk_042","GAM","Nush","Nush","Yes"
"2015_nk_057","GAM","Yukon","Nush","No"
"2015_nk_058","GAM","Kusko","Nush","No"
"2015_nk_061","GAM","Nush","Nush","Yes"
"2015_nk_065","GAM","Nush","Nush","Yes"
"2015_nk_094","GAM","Nush","Nush","Yes"
"2015_nk_099","GAM","Nush","Nush","Yes"
"2015_nk_101","GAM","Kusko","Nush","No"
"2015_nk_111_redo","GAM","Kusko","Nush","No"
"2015_nk_113","GAM","Nush","Nush","Yes"
"2015_nk_120","GAM","Nush","Nush","Yes"
"2015_nk_122_redoB","GAM","Nush","Nush","Yes"
"2015_nk_123_redo2","GAM","Kusko","Nush","No"
"2015_nk_130_redo","GAM","Nush","Nush","Yes"
"2015_nk_136","GAM","Nush","Nush","Yes"
"2015_nk_139","GAM","Nush","Nush","Yes"
"2015_nk_164","GAM","Nush","Nush","Yes"
"2015_nk_168","GAM","Nush","Nush","Yes"
"2015_nk_183","GAM","Kusko","Nush","No"
"2015_nk_185_redo","GAM","Nush","Nush","Yes"
"2015_nk_188","GAM","Nush","Nush","Yes"
"2015_nk_207","GAM","Nush","Nush","Yes"
"2015_nk_215","GAM","Nush","Nush","Yes"
"2015_nk_220","GAM","Nush","Nush","Yes"
"2015_nk_224_redo","GAM","Nush","Nush","Yes"
"2015_nk_225","GAM","Nush","Nush","Yes"
"2015_nk_233_redo","GAM","Nush","Nush","Yes"
"2015_nk_235","GAM","Nush","Nush","Yes"
"2015_nk_241","GAM","Kusko","Nush","No"
"2015_nk_242","GAM","Nush","Nush","Yes"
"2015_nk_245","GAM","Nush","Nush","Yes"
"2015_nk_247","GAM","Nush","Nush","Yes"
"2015_nk_257","GAM","Nush","Nush","Yes"
"2015_nk_260_redo","GAM","Nush","Nush","Yes"
"2015_nk_261","GAM","Kusko","Nush","No"
"2015_nk_262","GAM","Nush","Nush","Yes"
"2015_nk_287","GAM","Nush","Nush","Yes"
"2015_nk_296","GAM","Nush","Nush","Yes"
"2015_nk_41_redo","GAM","Nush","Nush","Yes"
"2015_nk_53_redo","GAM","Nush","Nush","Yes"
"2015_nk_54_redo","GAM","Yukon","Nush","No"
"2015_nk_86_redo","GAM","Nush","Nush","Yes"
"2015_nk_89_redo","GAM","Nush","Nush","Yes"
"2015_yk_017","GAM","Yukon","Yukon","Yes"
"2015_yk_034","GAM","Yukon","Yukon","Yes"
"2015_yk_035","GAM","Yukon","Yukon","Yes"
"2015_yk_056a","GAM","Yukon","Yukon","Yes"
"2015_yk_065a","GAM","Yukon","Yukon","Yes"
"2015_yk_068","GAM","Yukon","Yukon","Yes"
"2015_yk_097","GAM","Yukon","Yukon","Yes"
"2015_yk_101","GAM","Yukon","Yukon","Yes"
"2015_yk_109","GAM","Yukon","Yukon","Yes"
"2015_yk_114","GAM","Yukon","Yukon","Yes"
"2015_yk_117","GAM","Yukon","Yukon","Yes"
"2015_yk_128","GAM","Yukon","Yukon","Yes"
"2015_yk_129","GAM","Yukon","Yukon","Yes"
"2015_yk_151","GAM","Yukon","Yukon","Yes"
"2015_yk_214","GAM","Yukon","Yukon","Yes"
"2015_yk_219","GAM","Yukon","Yukon","Yes"
"2015_yk_220","GAM","Yukon","Yukon","Yes"
"2015_yk_243","GAM","Yukon","Yukon","Yes"
"2015_yk_259","GAM","Yukon","Yukon","Yes"
"2015_yk_272","GAM","Yukon","Yukon","Yes"
"2015_yk_314","GAM","Yukon","Yukon","Yes"
"2015_yk_338","GAM","Yukon","Yukon","Yes"
"2015_yk_342","GAM","Yukon","Yukon","Yes"
"2015_yk_357","GAM","Yukon","Yukon","Yes"
"2015_yk_377","GAM","Yukon","Yukon","Yes"
"2015_yk_397","GAM","Kusko","Yukon","No"
"2015_yk_433","GAM","Yukon","Yukon","Yes"
"2015_yk_438","GAM","Yukon","Yukon","Yes"
"2015_yk_462","GAM","Yukon","Yukon","Yes"
"2015_yk_479","GAM","Nush","Yukon","No"
"2015_yk_521","GAM","Yukon","Yukon","Yes"
"2015_yk_526","GAM","Yukon","Yukon","Yes"
"2015_yk_550","GAM","Yukon","Yukon","Yes"
"2015_yk_576","GAM","Nush","Yukon","No"
"2015_yk_585","GAM","Kusko","Yukon","No"
"2015_yk_595","GAM","Yukon","Yukon","Yes"
"2015_yk_599","GAM","Yukon","Yukon","Yes"
"2015_yk_613","GAM","Yukon","Yukon","Yes"
"2015_yk_615","GAM","Kusko","Yukon","No"
"2016_yk_006","GAM","Yukon","Yukon","Yes"
"2016_yk_007","GAM","Yukon","Yukon","Yes"
"2016_yk_015_redo","GAM","Yukon","Yukon","Yes"
"2016_yk_019","GAM","Yukon","Yukon","Yes"
"2016_yk_020","GAM","Yukon","Yukon","Yes"
"2016_yk_025","GAM","Yukon","Yukon","Yes"
"2016_yk_026","GAM","Yukon","Yukon","Yes"
"2016_yk_033","GAM","Yukon","Yukon","Yes"
"2016_yk_042_redo","GAM","Kusko","Yukon","No"
"2016_yk_044_redo","GAM","Yukon","Yukon","Yes"
"2016_yk_045","GAM","Yukon","Yukon","Yes"
"2016_yk_047","GAM","Yukon","Yukon","Yes"
"2016_yk_048","GAM","Yukon","Yukon","Yes"
"2016_yk_053_redo","GAM","Yukon","Yukon","Yes"
"2016_yk_057_redo","GAM","Yukon","Yukon","Yes"
"2016_yk_058_redo","GAM","Yukon","Yukon","Yes"
"2016_yk_060_redo","GAM","Yukon","Yukon","Yes"
"2016_yk_068","GAM","Yukon","Yukon","Yes"
"2016_yk_074_redo","GAM","Yukon","Yukon","Yes"
"2016_yk_077","GAM","Nush","Yukon","No"
"2016_yk_079","GAM","Nush","Yukon","No"
"2016_yk_082_redo","GAM","Yukon","Yukon","Yes"
"2016_yk_093","GAM","Yukon","Yukon","Yes"
"2016_yk_094","GAM","Yukon","Yukon","Yes"
"2016_yk_095_redo","GAM","Yukon","Yukon","Yes"
"2016_yk_097","GAM","Yukon","Yukon","Yes"
"2016_yk_101","GAM","Yukon","Yukon","Yes"
"2016_yk_104_redo","GAM","Yukon","Yukon","Yes"
"2016_yk_105","GAM","Yukon","Yukon","Yes"
"2016_yk_111","GAM","Yukon","Yukon","Yes"
"2016_yk_116_redo","GAM","Yukon","Yukon","Yes"
"2016_yk_120","GAM","Yukon","Yukon","Yes"
"2016_yk_123","GAM","Yukon","Yukon","Yes"
"2016_yk_124","GAM","Yukon","Yukon","Yes"
"2016_yk_125","GAM","Yukon","Yukon","Yes"
"2016_yk_128","GAM","Yukon","Yukon","Yes"
"2016_yk_129","GAM","Yukon","Yukon","Yes"
"2016_yk_150","GAM","Yukon","Yukon","Yes"
"2016_yk_165","GAM","Yukon","Yukon","Yes"
"2016_yk_169","GAM","Yukon","Yukon","Yes"
"2016_yk_174","GAM","Yukon","Yukon","Yes"
"2016_yk_179","GAM","Yukon","Yukon","Yes"
"2016_yk_183_redo","GAM","Yukon","Yukon","Yes"
"2016_yk_184","GAM","Yukon","Yukon","Yes"
"2016_yk_186","GAM","Yukon","Yukon","Yes"
"2016_yk_190_redo","GAM","Yukon","Yukon","Yes"
"2016_yk_192","GAM","Yukon","Yukon","Yes"
"2016_yk_194","GAM","Yukon","Yukon","Yes"
"2016_yk_203","GAM","Yukon","Yukon","Yes"
"2016_yk_206_redo","GAM","Yukon","Yukon","Yes"
"2016_yk_215","GAM","Yukon","Yukon","Yes"
"2016_yk_216_redo","GAM","Kusko","Yukon","No"
"2016_yk_218","GAM","Nush","Yukon","No"
"2016_yk_222","GAM","Yukon","Yukon","Yes"
"2016_yk_225","GAM","Yukon","Yukon","Yes"
"2016_yk_226","GAM","Yukon","Yukon","Yes"
"2016_yk_231_a","GAM","Yukon","Yukon","Yes"
"2016_yk_237","GAM","Yukon","Yukon","Yes"
"2016_yk_239_redo","GAM","Yukon","Yukon","Yes"
"2016_yk_242","GAM","Yukon","Yukon","Yes"
"2016_yk_248","GAM","Yukon","Yukon","Yes"
"2017_kk_003","GAM","Kusko","Kusko","Yes"
"2017_kk_005","GAM","Kusko","Kusko","Yes"
"2017_kk_009","GAM","Kusko","Kusko","Yes"
"2017_kk_014","GAM","Kusko","Kusko","Yes"
"2017_kk_021","GAM","Kusko","Kusko","Yes"
"2017_kk_025","GAM","Kusko","Kusko","Yes"
"2017_kk_030","GAM","Kusko","Kusko","Yes"
"2017_kk_031","GAM","Kusko","Kusko","Yes"
"2017_kk_035","GAM","Kusko","Kusko","Yes"
"2017_kk_039","GAM","Kusko","Kusko","Yes"
"2017_kk_050","GAM","Kusko","Kusko","Yes"
"2017_kk_051","GAM","Kusko","Kusko","Yes"
"2017_kk_070","GAM","Kusko","Kusko","Yes"
"2017_kk_071","GAM","Kusko","Kusko","Yes"
"2017_kk_081","GAM","Kusko","Kusko","Yes"
"2017_kk_091","GAM","Kusko","Kusko","Yes"
"2017_kk_095","GAM","Kusko","Kusko","Yes"
"2017_kk_102redoa","GAM","Kusko","Kusko","Yes"
"2017_kk_107","GAM","Kusko","Kusko","Yes"
"2017_kk_112","GAM","Yukon","Kusko","No"
"2017_kk_119","GAM","Kusko","Kusko","Yes"
"2017_kk_143","GAM","Yukon","Kusko","No"
"2017_kk_150","GAM","Nush","Kusko","No"
"2017_kk_158","GAM","Kusko","Kusko","Yes"
"2017_kk_163","GAM","Kusko","Kusko","Yes"
"2017_kk_164","GAM","Kusko","Kusko","Yes"
"2017_kk_165redo","GAM","Nush","Kusko","No"
"2017_kk_166redo","GAM","Kusko","Kusko","Yes"
"2017_kk_168redo","GAM","Kusko","Kusko","Yes"
"2017_kk_169redo","GAM","Kusko","Kusko","Yes"
"2017_kk_173","GAM","Kusko","Kusko","Yes"
"2017_kk_176redo","GAM","Kusko","Kusko","Yes"
"2017_kk_196","GAM","Kusko","Kusko","Yes"
"2017_kk_203","GAM","Kusko","Kusko","Yes"
"2017_kk_204","GAM","Kusko","Kusko","Yes"
"2017_kk_213","GAM","Kusko","Kusko","Yes"
"2017_kk_217","GAM","Kusko","Kusko","Yes"
"2017_kk_221","GAM","Kusko","Kusko","Yes"
"2017_kk_234","GAM","Yukon","Kusko","No"
"2017_kk_239redo","GAM","Kusko","Kusko","Yes"
"2017_kk_242","GAM","Kusko","Kusko","Yes"
"2017_kk_260redo","GAM","Kusko","Kusko","Yes"
"2017_yk_016","GAM","Yukon","Yukon","Yes"
"2017_yk_018","GAM","Yukon","Yukon","Yes"
"2017_yk_033","GAM","Yukon","Yukon","Yes"
"2017_yk_038","GAM","Yukon","Yukon","Yes"
"2017_yk_039","GAM","Yukon","Yukon","Yes"
"2017_yk_041","GAM","Yukon","Yukon","Yes"
"2017_yk_052","GAM","Yukon","Yukon","Yes"
"2017_yk_053","GAM","Yukon","Yukon","Yes"
"2017_yk_056","GAM","Yukon","Yukon","Yes"
"2017_yk_059","GAM","Yukon","Yukon","Yes"
"2017_yk_061","GAM","Yukon","Yukon","Yes"
"2017_yk_062","GAM","Yukon","Yukon","Yes"
"2017_yk_068","GAM","Yukon","Yukon","Yes"
"2017_yk_079","GAM","Yukon","Yukon","Yes"
"2017_yk_080","GAM","Yukon","Yukon","Yes"
"2017_yk_081","GAM","Yukon","Yukon","Yes"
"2017_yk_091","GAM","Yukon","Yukon","Yes"
"2017_yk_093","GAM","Yukon","Yukon","Yes"
"2017_yk_098","GAM","Yukon","Yukon","Yes"
"2017_yk_102","GAM","Yukon","Yukon","Yes"
"2017_yk_109","GAM","Yukon","Yukon","Yes"
"2017_yk_129","GAM","Yukon","Yukon","Yes"
"2017_yk_133","GAM","Yukon","Yukon","Yes"
"2017_yk_140","GAM","Yukon","Yukon","Yes"
"2017_yk_164","GAM","Yukon","Yukon","Yes"
"2017_yk_167","GAM","Yukon","Yukon","Yes"
"2017_yk_177","GAM","Yukon","Yukon","Yes"
"2017_yk_180","GAM","Yukon","Yukon","Yes"
"2017_yk_185","GAM","Yukon","Yukon","Yes"
"2017_yk_192","GAM","Yukon","Yukon","Yes"
"2017_yk_193","GAM","Yukon","Yukon","Yes"
"2017_yk_215","GAM","Yukon","Yukon","Yes"
"2017_yk_217","GAM","Yukon","Yukon","Yes"
"2017_yk_239","GAM","Yukon","Yukon","Yes"
"2017_yk_252","GAM","Kusko","Yukon","No"
"2017_yk_273","GAM","Yukon","Yukon","Yes"
"2017_yk_303","GAM","Yukon","Yukon","Yes"
"2017_yk_309","GAM","Yukon","Yukon","Yes"
"2017_yk_313","GAM","Yukon","Yukon","Yes"
"2017_yk_318","GAM","Nush","Yukon","No"
"2017_yk_321","GAM","Yukon","Yukon","Yes"
"2017_yk_345","GAM","Kusko","Yukon","No"
"2017_yk_357","GAM","Yukon","Yukon","Yes"
"2017_yk_365","GAM","Yukon","Yukon","Yes"
"2017_yk_366","GAM","Yukon","Yukon","Yes"
"2019_kk_001","GAM","Kusko","Kusko","Yes"
"2019_kk_007","GAM","Kusko","Kusko","Yes"
"2019_kk_009","GAM","Yukon","Kusko","No"
"2019_kk_011","GAM","Kusko","Kusko","Yes"
"2019_kk_016","GAM","Kusko","Kusko","Yes"
"2019_kk_017","GAM","Kusko","Kusko","Yes"
"2019_kk_023","GAM","Kusko","Kusko","Yes"
"2019_kk_041","GAM","Nush","Kusko","No"
"2019_kk_047","GAM","Yukon","Kusko","No"
"2019_kk_051","GAM","Kusko","Kusko","Yes"
"2019_kk_080","GAM","Kusko","Kusko","Yes"
"2019_kk_085","GAM","Nush","Kusko","No"
"2019_kk_088","GAM","Kusko","Kusko","Yes"
"2019_kk_090","GAM","Nush","Kusko","No"
"2019_kk_112","GAM","Nush","Kusko","No"
"2019_kk_113","GAM","Kusko","Kusko","Yes"
"2019_kk_114","GAM","Kusko","Kusko","Yes"
"2019_kk_127","GAM","Yukon","Kusko","No"
"2019_kk_129","GAM","Kusko","Kusko","Yes"
"2019_kk_147","GAM","Kusko","Kusko","Yes"
"2019_kk_173","GAM","Kusko","Kusko","Yes"
"2019_kk_183","GAM","Nush","Kusko","No"
"2019_kk_190","GAM","Kusko","Kusko","Yes"
"2019_kk_199","GAM","Kusko","Kusko","Yes"
"2019_kk_212","GAM","Kusko","Kusko","Yes"
"2019_kk_218","GAM","Kusko","Kusko","Yes"
"2019_kk_229","GAM","Yukon","Kusko","No"
"2019_kk_255","GAM","Kusko","Kusko","Yes"
"2019_kk_282","GAM","Kusko","Kusko","Yes"
"2019_kk_296","GAM","Kusko","Kusko","Yes"
"2019_kk_309","GAM","Kusko","Kusko","Yes"
"2019_kk_332","GAM","Kusko","Kusko","Yes"
"2019_kk_365","GAM","Kusko","Kusko","Yes"
"2019_kk_367","GAM","Kusko","Kusko","Yes"
"2019_kk_384","GAM","Kusko","Kusko","Yes"
"2019_kk_393","GAM","Kusko","Kusko","Yes"
"2019_kk_398","GAM","Yukon","Kusko","No"
"2019_kk_425","GAM","Kusko","Kusko","Yes"
"2019_kk_448","GAM","Kusko","Kusko","Yes"
"2019_kk_454","GAM","Kusko","Kusko","Yes"
"2019_kk_455","GAM","Kusko","Kusko","Yes"
"2019_kk_457","GAM","Nush","Kusko","No"
"2019_kk_464","GAM","Kusko","Kusko","Yes"
"2019_kk_481","GAM","Kusko","Kusko","Yes"
"2019_yk_005","GAM","Yukon","Yukon","Yes"
"2019_yk_007","GAM","Yukon","Yukon","Yes"
"2019_yk_036","GAM","Yukon","Yukon","Yes"
"2019_yk_036a","GAM","Yukon","Yukon","Yes"
"2019_yk_041","GAM","Yukon","Yukon","Yes"
"2019_yk_042","GAM","Yukon","Yukon","Yes"
"2019_yk_075","GAM","Yukon","Yukon","Yes"
"2019_yk_085a","GAM","Yukon","Yukon","Yes"
"2019_yk_090","GAM","Yukon","Yukon","Yes"
"2019_yk_092","GAM","Yukon","Yukon","Yes"
"2019_yk_104a","GAM","Yukon","Yukon","Yes"
"2019_yk_116a","GAM","Yukon","Yukon","Yes"
"2019_yk_123","GAM","Yukon","Yukon","Yes"
"2019_yk_138","GAM","Yukon","Yukon","Yes"
"2019_yk_139a","GAM","Yukon","Yukon","Yes"
"2019_yk_140","GAM","Yukon","Yukon","Yes"
"2019_yk_147","GAM","Yukon","Yukon","Yes"
"2019_yk_149","GAM","Yukon","Yukon","Yes"
"2019_yk_152","GAM","Yukon","Yukon","Yes"
"2019_yk_165","GAM","Yukon","Yukon","Yes"
"2019_yk_168a","GAM","Yukon","Yukon","Yes"
"2019_yk_186a","GAM","Yukon","Yukon","Yes"
"2019_yk_187","GAM","Kusko","Yukon","No"
"2019_yk_261","GAM","Yukon","Yukon","Yes"
"2019_yk_268","GAM","Yukon","Yukon","Yes"
"2019_yk_279","GAM","Yukon","Yukon","Yes"
"2019_yk_283","GAM","Yukon","Yukon","Yes"
"2019_yk_286","GAM","Yukon","Yukon","Yes"
"2019_yk_288","GAM","Yukon","Yukon","Yes"
"2019_yk_289","GAM","Yukon","Yukon","Yes"
"2019_yk_295_redo","GAM","Yukon","Yukon","Yes"
"2019_yk_303","GAM","Yukon","Yukon","Yes"
"2019_yk_334","GAM","Yukon","Yukon","Yes"
"2019_yk_358","GAM","Yukon","Yukon","Yes"
"2019_yk_368","GAM","Yukon","Yukon","Yes"
"2019_yk_376","GAM","Kusko","Yukon","No"
"2019_yk_383","GAM","Yukon","Yukon","Yes"
"2019_yk_395","GAM","Yukon","Yukon","Yes"
"2019_yk_408","GAM","Yukon","Yukon","Yes"
"2019_yk_410","GAM","Yukon","Yukon","Yes"
"2019_yk_417","GAM","Yukon","Yukon","Yes"
"2019_yk_428","GAM","Yukon","Yukon","Yes"
"2019_yk_433","GAM","Yukon","Yukon","Yes"
"2019_yk_444","GAM","Yukon","Yukon","Yes"
"2019_yk_448","GAM","Yukon","Yukon","Yes"
"2019_yk_454","GAM","Yukon","Yukon","Yes"
"2019_yk_459","GAM","Yukon","Yukon","Yes"
"2019_yk_462","GAM","Yukon","Yukon","Yes"
"2019_yk_491","GAM","Yukon","Yukon","Yes"
"2019_yk_492","GAM","Yukon","Yukon","Yes"
"2020_kk_010","GAM","Kusko","Kusko","Yes"
"2020_kk_013","GAM","Yukon","Kusko","No"
"2020_kk_017","GAM","Nush","Kusko","No"
"2020_kk_020_redo","GAM","Kusko","Kusko","Yes"
"2020_kk_021_redo","GAM","Kusko","Kusko","Yes"
"2020_kk_024","GAM","Yukon","Kusko","No"
"2020_kk_026","GAM","Kusko","Kusko","Yes"
"2020_kk_030","GAM","Kusko","Kusko","Yes"
"2020_kk_031","GAM","Kusko","Kusko","Yes"
"2020_kk_036","GAM","Kusko","Kusko","Yes"
"2020_kk_044_redo","GAM","Kusko","Kusko","Yes"
"2020_kk_049","GAM","Kusko","Kusko","Yes"
"2020_kk_053_redo","GAM","Kusko","Kusko","Yes"
"2020_kk_063_redo","GAM","Kusko","Kusko","Yes"
"2020_kk_067_redo","GAM","Kusko","Kusko","Yes"
"2020_kk_073","GAM","Kusko","Kusko","Yes"
"2020_kk_075","GAM","Kusko","Kusko","Yes"
"2020_kk_083_redo_a","GAM","Kusko","Kusko","Yes"
"2020_kk_104","GAM","Yukon","Kusko","No"
"2020_kk_115_redo","GAM","Kusko","Kusko","Yes"
"2020_kk_120","GAM","Kusko","Kusko","Yes"
"2020_kk_121","GAM","Kusko","Kusko","Yes"
"2020_kk_126","GAM","Kusko","Kusko","Yes"
"2020_kk_143","GAM","Kusko","Kusko","Yes"
"2020_kk_145_redo","GAM","Kusko","Kusko","Yes"
"2020_kk_153","GAM","Kusko","Kusko","Yes"
"2020_kk_156","GAM","Kusko","Kusko","Yes"
"2020_kk_158","GAM","Kusko","Kusko","Yes"
"2020_kk_175_redo","GAM","Kusko","Kusko","Yes"
"2020_kk_186_redo","GAM","Kusko","Kusko","Yes"
"2020_kk_201","GAM","Kusko","Kusko","Yes"
"2020_kk_210","GAM","Nush","Kusko","No"
"2020_kk_241_sld18","GAM","Kusko","Kusko","Yes"
"2020_kk_242_sld18","GAM","Nush","Kusko","No"
"2020_kk_244","GAM","Kusko","Kusko","Yes"
"2020_kk_251_sld20","GAM","Kusko","Kusko","Yes"
"2020_kk_256_redo","GAM","Nush","Kusko","No"
"2020_kk_258","GAM","Kusko","Kusko","Yes"
"2020_kk_261","GAM","Kusko","Kusko","Yes"
"2020_kk_276","GAM","Kusko","Kusko","Yes"
"2020_kk_293","GAM","Kusko","Kusko","Yes"
"2020_kk_299","GAM","Kusko","Kusko","Yes"
"2020_kk_307","GAM","Nush","Kusko","No"
"2020_kk_310","GAM","Kusko","Kusko","Yes"
"2020_kk_311","GAM","Kusko","Kusko","Yes"
"2020_kk_320_redo","GAM","Kusko","Kusko","Yes"
"2020_kk_321","GAM","Kusko","Kusko","Yes"
"2020_kk_323","GAM","Kusko","Kusko","Yes"
"2020_kk_328","GAM","Kusko","Kusko","Yes"
"2020_kk_335","GAM","Kusko","Kusko","Yes"
"2020_kk_336","GAM","Kusko","Kusko","Yes"
"2020_kk_343","GAM","Kusko","Kusko","Yes"
"2020_kk_345","GAM","Kusko","Kusko","Yes"
"2021_kk_011_R2","GAM","Kusko","Kusko","Yes"
"2021_kk_013_R2","GAM","Kusko","Kusko","Yes"
"2021_kk_018_R1","GAM","Kusko","Kusko","Yes"
"2021_kk_043","GAM","Kusko","Kusko","Yes"
"2021_kk_047","GAM","Kusko","Kusko","Yes"
"2021_kk_049_R1","GAM","Kusko","Kusko","Yes"
"2021_kk_054","GAM","Kusko","Kusko","Yes"
"2021_kk_061","GAM","Kusko","Kusko","Yes"
"2021_kk_072","GAM","Kusko","Kusko","Yes"
"2021_kk_077","GAM","Yukon","Kusko","No"
"2021_kk_088","GAM","Kusko","Kusko","Yes"
"2021_kk_111","GAM","Kusko","Kusko","Yes"
"2021_kk_114","GAM","Kusko","Kusko","Yes"
"2021_kk_115","GAM","Kusko","Kusko","Yes"
"2021_kk_118","GAM","Yukon","Kusko","No"
"2021_kk_142","GAM","Kusko","Kusko","Yes"
"2021_kk_157","GAM","Kusko","Kusko","Yes"
"2021_kk_158","GAM","Nush","Kusko","No"
"2021_kk_161","GAM","Kusko","Kusko","Yes"
"2021_kk_176","GAM","Kusko","Kusko","Yes"
"2021_kk_182","GAM","Nush","Kusko","No"
"2021_kk_183","GAM","Kusko","Kusko","Yes"
"2021_kk_190","GAM","Kusko","Kusko","Yes"
"2021_kk_201","GAM","Kusko","Kusko","Yes"
"2021_kk_229","GAM","Yukon","Kusko","No"
"2021_kk_231","GAM","Kusko","Kusko","Yes"
"2021_kk_238_R1","GAM","Kusko","Kusko","Yes"
"2021_kk_245","GAM","Yukon","Kusko","No"
"2021_kk_287","GAM","Kusko","Kusko","Yes"
"2021_kk_290_R1","GAM","Kusko","Kusko","Yes"
"2021_kk_298","GAM","Kusko","Kusko","Yes"
"2021_kk_309","GAM","Kusko","Kusko","Yes"
"2021_kk_324","GAM","Yukon","Kusko","No"
"2021_kk_327_R1","GAM","Kusko","Kusko","Yes"
"2021_kk_328","GAM","Kusko","Kusko","Yes"
"2021_kk_343","GAM","Kusko","Kusko","Yes"
"2021_kk_353","GAM","Kusko","Kusko","Yes"
"2021_kk_360","GAM","Kusko","Kusko","Yes"
"2021_kk_371_R1","GAM","Kusko","Kusko","Yes"
"2021_kk_375","GAM","Kusko","Kusko","Yes"
"2021_kk_376","GAM","Kusko","Kusko","Yes"
"2021_yk_003","GAM","Kusko","Yukon","No"
"2021_yk_016","GAM","Yukon","Yukon","Yes"
"2021_yk_018","GAM","Yukon","Yukon","Yes"
"2021_yk_020","GAM","Yukon","Yukon","Yes"
"2021_yk_049","GAM","Yukon","Yukon","Yes"
"2021_yk_051","GAM","Yukon","Yukon","Yes"
"2021_yk_056","GAM","Yukon","Yukon","Yes"
"2021_yk_102","GAM","Yukon","Yukon","Yes"
"2021_yk_104","GAM","Yukon","Yukon","Yes"
"2021_yk_131","GAM","Yukon","Yukon","Yes"
"2021_yk_139","GAM","Kusko","Yukon","No"
"2021_yk_150","GAM","Yukon","Yukon","Yes"
"2021_yk_156","GAM","Yukon","Yukon","Yes"
"2021_yk_200","GAM","Yukon","Yukon","Yes"
"2021_yk_202","GAM","Yukon","Yukon","Yes"
"2021_yk_307","GAM","Yukon","Yukon","Yes"
"2021_yk_312","GAM","Yukon","Yukon","Yes"
"2021_yk_313","GAM","Yukon","Yukon","Yes"
"2021_yk_314","GAM","Yukon","Yukon","Yes"
"2021_yk_316","GAM","Yukon","Yukon","Yes"
"2021_yk_325","GAM","Yukon","Yukon","Yes"
"2021_yk_326","GAM","Yukon","Yukon","Yes"
"2021_yk_351","GAM","Yukon","Yukon","Yes"
"2021_yk_353","GAM","Yukon","Yukon","Yes"
"2021_yk_364","GAM","Yukon","Yukon","Yes"
"2021_yk_368","GAM","Yukon","Yukon","Yes"
"2021_yk_373","GAM","Yukon","Yukon","Yes"
"2021_yk_386","GAM","Yukon","Yukon","Yes"
"2021_yk_400","GAM","Yukon","Yukon","Yes"
"2021_yk_409","GAM","Yukon","Yukon","Yes"
"2021_yk_414","GAM","Yukon","Yukon","Yes"
"2021_yk_440","GAM","Yukon","Yukon","Yes"
"2021_yk_450","GAM","Yukon","Yukon","Yes"
"2021_yk_469","GAM","Yukon","Yukon","Yes"
"2021_yk_489","GAM","Yukon","Yukon","Yes"
"2021_yk_510","GAM","Yukon","Yukon","Yes"
"2021_yk_518","GAM","Yukon","Yukon","Yes"
